
INSERT INTO `bosscms_anchor` (`id`, `old`, `new`, `title`, `link`, `nofollow`, `open`, `target`, `lang`) VALUE ('1', '耳机', '小白耳机', '小白耳机', '../product/', '0', '1', '1', '1') ;
INSERT INTO `bosscms_anchor` (`id`, `old`, `new`, `title`, `link`, `nofollow`, `open`, `target`, `lang`) VALUE ('2', '音响', '智能音响', '智能音响', '../product/', '0', '1', '1', '1') ;



INSERT INTO `bosscms_banner` (`id`, `name`, `image`, `screen`, `site`, `type`, `items`, `link`, `display`, `target`, `sort`, `content`, `lang`) VALUE ('2', '产品', '..//upload/photo/202112/110907111.jpg', '0', '0', '[\"0\",\"1\",\"2\",\"3\",\"4\",\"5\",\"6\",\"7\",\"8\",\"10\"]', '[\"48\"]', '#', '1', '0', '0', '', '1') ;
INSERT INTO `bosscms_banner` (`id`, `name`, `image`, `screen`, `site`, `type`, `items`, `link`, `display`, `target`, `sort`, `content`, `lang`) VALUE ('3', '首页', '..//upload/photo/202112/110910459.jpg', '0', '0', '[\"0\"]', '', '', '1', '0', '0', '', '1') ;
INSERT INTO `bosscms_banner` (`id`, `name`, `image`, `screen`, `site`, `type`, `items`, `link`, `display`, `target`, `sort`, `content`, `lang`) VALUE ('4', '全站', '..//upload/photo/202112/111308188.jpg', '1', '0', '[\"0\",\"1\",\"2\",\"3\",\"4\",\"5\",\"6\",\"7\",\"8\",\"10\"]', '', '', '1', '0', '0', '', '1') ;
INSERT INTO `bosscms_banner` (`id`, `name`, `image`, `screen`, `site`, `type`, `items`, `link`, `display`, `target`, `sort`, `content`, `lang`) VALUE ('5', '首页', '..//upload/photo/202112/111308576.jpg', '1', '0', '[\"0\"]', '', '', '1', '0', '0', '', '1') ;



INSERT INTO `bosscms_complex` (`id`, `extent`, `items`, `parent`, `style`, `core`, `name`, `param`, `title`, `description`, `sort`, `lang`) VALUE ('47', '4', '66', '0', '0', '', 'params', '', '参数一', '', '999', '1') ;
INSERT INTO `bosscms_complex` (`id`, `extent`, `items`, `parent`, `style`, `core`, `name`, `param`, `title`, `description`, `sort`, `lang`) VALUE ('48', '4', '63', '0', '0', '', 'params', '', '图片来源：', '', '999', '1') ;
INSERT INTO `bosscms_complex` (`id`, `extent`, `items`, `parent`, `style`, `core`, `name`, `param`, `title`, `description`, `sort`, `lang`) VALUE ('49', '4', '63', '0', '0', '', 'params', '', '图片授权：', '', '999', '1') ;
INSERT INTO `bosscms_complex` (`id`, `extent`, `items`, `parent`, `style`, `core`, `name`, `param`, `title`, `description`, `sort`, `lang`) VALUE ('50', '4', '63', '0', '0', '', 'params', '', '图片尺寸：', '', '999', '1') ;
INSERT INTO `bosscms_complex` (`id`, `extent`, `items`, `parent`, `style`, `core`, `name`, `param`, `title`, `description`, `sort`, `lang`) VALUE ('51', '4', '63', '0', '0', '', 'params', '', '图片数量：', '', '999', '1') ;
INSERT INTO `bosscms_complex` (`id`, `extent`, `items`, `parent`, `style`, `core`, `name`, `param`, `title`, `description`, `sort`, `lang`) VALUE ('53', '3', '16', '0', '1', '', 'params', '', '分期付款：', '', '5', '1') ;
INSERT INTO `bosscms_complex` (`id`, `extent`, `items`, `parent`, `style`, `core`, `name`, `param`, `title`, `description`, `sort`, `lang`) VALUE ('54', '3', '16', '0', '0', '', 'params', '', '产品简述：', '', '1', '1') ;
INSERT INTO `bosscms_complex` (`id`, `extent`, `items`, `parent`, `style`, `core`, `name`, `param`, `title`, `description`, `sort`, `lang`) VALUE ('55', '3', '16', '0', '3', '', 'params', '[\"白色\",\"灰色\",\"黑色\",\"银色\"]', '产品颜色：', '', '2', '1') ;
INSERT INTO `bosscms_complex` (`id`, `extent`, `items`, `parent`, `style`, `core`, `name`, `param`, `title`, `description`, `sort`, `lang`) VALUE ('57', '3', '16', '0', '4', '', 'params', '[\"180kg\",\"288kg\",\"500kg\",\"1T\"]', '产品重量：', '', '4', '1') ;
INSERT INTO `bosscms_complex` (`id`, `extent`, `items`, `parent`, `style`, `core`, `name`, `param`, `title`, `description`, `sort`, `lang`) VALUE ('58', '5', '64', '0', '0', '', 'params', '', '文档类型：', '', '999', '1') ;
INSERT INTO `bosscms_complex` (`id`, `extent`, `items`, `parent`, `style`, `core`, `name`, `param`, `title`, `description`, `sort`, `lang`) VALUE ('59', '5', '64', '0', '0', '', 'params', '', '文档加密：', '', '999', '1') ;
INSERT INTO `bosscms_complex` (`id`, `extent`, `items`, `parent`, `style`, `core`, `name`, `param`, `title`, `description`, `sort`, `lang`) VALUE ('60', '5', '64', '0', '0', '', 'params', '', '文档规范：', '', '999', '1') ;


INSERT INTO `bosscms_config` (`name`, `value`, `parent`, `type`, `lang`) VALUE ('feedback_open', '1', '58', '0', '1') ;
INSERT INTO `bosscms_config` (`name`, `value`, `parent`, `type`, `lang`) VALUE ('feedback_name', 'params1', '58', '0', '1') ;
INSERT INTO `bosscms_config` (`name`, `value`, `parent`, `type`, `lang`) VALUE ('feedback_show', '[\"params4\",\"params5\"]', '58', '0', '1') ;
INSERT INTO `bosscms_config` (`name`, `value`, `parent`, `type`, `lang`) VALUE ('feedback_captcha', '1', '58', '0', '1') ;
INSERT INTO `bosscms_config` (`name`, `value`, `parent`, `type`, `lang`) VALUE ('feedback_captcha_title', '验证码', '58', '0', '1') ;
INSERT INTO `bosscms_config` (`name`, `value`, `parent`, `type`, `lang`) VALUE ('feedback_captcha_placeholder', '请输入验证码！', '58', '0', '1') ;
INSERT INTO `bosscms_config` (`name`, `value`, `parent`, `type`, `lang`) VALUE ('feedback_captcha_error', '验证码错误！', '58', '0', '1') ;
INSERT INTO `bosscms_config` (`name`, `value`, `parent`, `type`, `lang`) VALUE ('feedback_display', '1', '58', '0', '1') ;
INSERT INTO `bosscms_config` (`name`, `value`, `parent`, `type`, `lang`) VALUE ('feedback_submit', '提交', '58', '0', '1') ;
INSERT INTO `bosscms_config` (`name`, `value`, `parent`, `type`, `lang`) VALUE ('feedback_success', '反馈提交成功！', '58', '0', '1') ;
INSERT INTO `bosscms_config` (`name`, `value`, `parent`, `type`, `lang`) VALUE ('feedback_quick', '您刚刚已经提交反馈，请一分钟后再提交！', '58', '0', '1') ;
INSERT INTO `bosscms_config` (`name`, `value`, `parent`, `type`, `lang`) VALUE ('feedback_form', '[\"1\",\"2\",\"3\",\"4\"]', '58', '0', '1') ;
INSERT INTO `bosscms_config` (`name`, `value`, `parent`, `type`, `lang`) VALUE ('feedback_mail', '0', '58', '0', '1') ;
INSERT INTO `bosscms_config` (`name`, `value`, `parent`, `type`, `lang`) VALUE ('feedback_recipient', '', '58', '0', '1') ;
INSERT INTO `bosscms_config` (`name`, `value`, `parent`, `type`, `lang`) VALUE ('feedback_title', '您的网站收到访客留言，请及时查看！', '58', '0', '1') ;


INSERT INTO `bosscms_config` (`name`, `value`, `parent`, `type`, `lang`) VALUE ('search_open', '1', '61', '0', '1') ;
INSERT INTO `bosscms_config` (`name`, `value`, `parent`, `type`, `lang`) VALUE ('search_items', '[\"48\",\"51\",\"52\",\"53\",\"54\",\"17\",\"18\",\"19\",\"20\",\"16\",\"63\",\"65\",\"66\",\"64\",\"67\"]', '61', '0', '1') ;
INSERT INTO `bosscms_config` (`name`, `value`, `parent`, `type`, `lang`) VALUE ('search_keyword', 'keyword', '61', '0', '1') ;
INSERT INTO `bosscms_config` (`name`, `value`, `parent`, `type`, `lang`) VALUE ('search_null', '没有找到关于[keyword]的内容', '61', '0', '1') ;
INSERT INTO `bosscms_config` (`name`, `value`, `parent`, `type`, `lang`) VALUE ('search_placeholder', '请输入搜索关键词', '61', '0', '1') ;
INSERT INTO `bosscms_config` (`name`, `value`, `parent`, `type`, `lang`) VALUE ('search_number', '10', '0', '0', '1') ;


INSERT INTO `bosscms_feedback` (`id`, `param`, `parent`, `reply`, `manager`, `ip`, `ctime`, `mtime`, `reading`, `display`, `lang`) VALUE ('1', '{\"params1\":\"橙女士\",\"params2\":\"1888888888888\",\"params3\":\"1112@qq.com\",\"params4\":\"网站需要什么运行环境？\",\"params5\":\"程序很好用、很方便很简洁，网站需要搭建或者购买什么样的运行环境才能正常运作执行。\"}', '58', '感谢您的反馈信息！程序是比较完善的，运行环境要求也比较宽松。
建议您购买的服务器或者空间环境为：硬件要求：CPU 1GHz，内存1G，硬盘空余10G，安装环境要求：Nginx/Apache/Windows IIS、PHP5.6~7.4、MySQL5.0以上，PHP扩展：zip扩展（宝塔默认开启）。', '1', '127.0.0.1', '1626109083', '1639212968', '0', '1', '1') ;
INSERT INTO `bosscms_feedback` (`id`, `param`, `parent`, `reply`, `manager`, `ip`, `ctime`, `mtime`, `reading`, `display`, `lang`) VALUE ('2', '{\"params1\":\"陈先生\",\"params2\":\"1888888888888\",\"params3\":\"0000@qq.com\",\"params4\":\"bosscms程序支持tag标签分类功能吗？\",\"params5\":\"你好，朋友向我推荐的，请问bosscms程序支持tag标签分类功能吗？\"}', '58', '你好，系统内置tag标签分类功能的', '1', '127.0.0.1', '1626191546', '1639213028', '0', '1', '1') ;


INSERT INTO `bosscms_form` (`id`, `parent`, `style`, `title`, `description`, `prompt`, `param`, `must`, `sort`, `lang`) VALUE ('1', '58', '0', '姓名', '输入正确的姓名有助于沟通1', '请输入姓名！', '', '1', '1', '1') ;
INSERT INTO `bosscms_form` (`id`, `parent`, `style`, `title`, `description`, `prompt`, `param`, `must`, `sort`, `lang`) VALUE ('2', '58', '1', '电话', '填写正确的号码方便联系沟通。', '请输入电话号码！', '', '0', '2', '1') ;
INSERT INTO `bosscms_form` (`id`, `parent`, `style`, `title`, `description`, `prompt`, `param`, `must`, `sort`, `lang`) VALUE ('3', '58', '2', '邮箱', '', '请输入邮箱！', '', '1', '3', '1') ;
INSERT INTO `bosscms_form` (`id`, `parent`, `style`, `title`, `description`, `prompt`, `param`, `must`, `sort`, `lang`) VALUE ('4', '58', '0', '标题', '', '请输入反馈的主题！', '', '1', '4', '1') ;
INSERT INTO `bosscms_form` (`id`, `parent`, `style`, `title`, `description`, `prompt`, `param`, `must`, `sort`, `lang`) VALUE ('5', '58', '4', '留言', '', '请输入建议或意见内容！', '', '1', '6', '1') ;


INSERT INTO `bosscms_news` (`id`, `name`, `sort`, `items`, `theme`, `title`, `keywords`, `description`, `alt`, `recommend`, `top`, `ctime`, `mtime`, `target`, `display`, `link`, `notice`, `static`, `lang`, `image`, `text`, `content`, `text1`, `text2`, `text3`, `image1`, `image2`, `image3`, `images`, `container`) VALUE ('37', 'BOSSCMS系统后台操作让您10分钟就会建立自己的网站。', '0', '19', '', '', '', '流水线的方式,分析自己工作,然后优化它流水线的方式,分析自己工作,然后优化它流水线的方式,分析自己工作,然后优化它流水线的方式,分析自己工作,然后优化它流水线的方式,分析自己工作,然后优化它流水线的方', '', '1', '0', '1635234672', '1640581591', '0', '1', '', '903', '', '1', '', 'BOSSCMS是一款基于自主研发PHP框架+MySQL架构的内容管理系统，能够满足各类网站开发建设的需求。系统开源、安全、稳定、简洁、易开发、专注为中小型企业及政企单位、个人站长、广大开发者、建', '<p style=\"white-space: normal;\"><span style=\"font-size: 16px;\">BOSSCMS是一款基于自主研发PHP框架+MySQL架构的内容管理系统，能够满足各类网站开发建设的需求。系统开源、安全、稳定、简洁、易开发、专注为中小型企业及政企单位、个人站长、广大开发者、建站公司提供一套简单好用的网站内容管理系统解决方案。</span></p><p style=\"white-space: normal;\"><span style=\"font-size: 16px;\">BOSSCMS是一款基于自主研发PHP框架+MySQL架构的内容管理系统，能够满足各类网站开发建设的需求。系统开源、安全、稳定、简洁、易开发、专注为中小型企业及政企单位、个人站长、广大开发者、建站公司提供一套简单好用的网站内容管理系统解决方案。</span></p><p style=\"white-space: normal;\"><span style=\"font-size: 16px;\">BOSSCMS是一款基于自主研发PHP框架+MySQL架构的内容管理系统，能够满足各类网站开发建设的需求。系统开源、安全、稳定、简洁、易开发、专注为中小型企业及政企单位、个人站长、广大开发者、建站公司提供一套简单好用的网站内容管理系统解决方案。</span></p><p style=\"white-space: normal;\"><span style=\"font-size: 16px;\">BOSSCMS是一款基于自主研发PHP框架+MySQL架构的内容管理系统，能够满足各类网站开发建设的需求。系统开源、安全、稳定、简洁、易开发、专注为中小型企业及政企单位、个人站长、广大开发者、建站公司提供一套简单好用的网站内容管理系统解决方案。</span></p><p style=\"white-space: normal;\"><span style=\"font-size: 16px;\">BOSSCMS是一款基于自主研发PHP框架+MySQL架构的内容管理系统，能够满足各类网站开发建设的需求。系统开源、安全、稳定、简洁、易开发、专注为中小型企业及政企单位、个人站长、广大开发者、建站公司提供一套简单好用的网站内容管理系统解决方案。</span></p><p><br/></p>', '', '', '', '', '', '', '', '') ;
INSERT INTO `bosscms_news` (`id`, `name`, `sort`, `items`, `theme`, `title`, `keywords`, `description`, `alt`, `recommend`, `top`, `ctime`, `mtime`, `target`, `display`, `link`, `notice`, `static`, `lang`, `image`, `text`, `content`, `text1`, `text2`, `text3`, `image1`, `image2`, `image3`, `images`, `container`) VALUE ('38', 'BOSSCMS是基于自主研发PHP框架+MySQL架构的内容管理系统', '0', '19', '', '', '', 'BOSSCMS是一款基于自主研发PHP框架+MySQL架构的内容管理系统，能够满足各类网站开发建设的需求。系统开源、安全、稳定、简洁、易开发、专注为中小型企业及政企单位、个人站长、广大开发者、建', '', '1', '0', '1635234762', '1640581585', '0', '1', '', '1224', '', '1', '', 'BOSSCMS是一款基于自主研发PHP框架+MySQL架构的内容管理系统，能够满足各类网站开发建设的需求。系统开源、安全、稳定、简洁、易开发、专注为中小型企业及政企单位、个人站长、广大开发者、建', '<p style=\"white-space: normal;\"><span style=\"font-size: 16px;\">BOSSCMS是一款基于自主研发PHP框架+MySQL架构的内容管理系统，能够满足各类网站开发建设的需求。系统开源、安全、稳定、简洁、易开发、专注为中小型企业及政企单位、个人站长、广大开发者、建站公司提供一套简单好用的网站内容管理系统解决方案。</span></p><p style=\"white-space: normal;\"><span style=\"font-size: 16px;\">BOSSCMS是一款基于自主研发PHP框架+MySQL架构的内容管理系统，能够满足各类网站开发建设的需求。系统开源、安全、稳定、简洁、易开发、专注为中小型企业及政企单位、个人站长、广大开发者、建站公司提供一套简单好用的网站内容管理系统解决方案。</span></p><p style=\"white-space: normal;\"><span style=\"font-size: 16px;\">BOSSCMS是一款基于自主研发PHP框架+MySQL架构的内容管理系统，能够满足各类网站开发建设的需求。系统开源、安全、稳定、简洁、易开发、专注为中小型企业及政企单位、个人站长、广大开发者、建站公司提供一套简单好用的网站内容管理系统解决方案。</span></p><p style=\"white-space: normal;\"><span style=\"font-size: 16px;\">BOSSCMS是一款基于自主研发PHP框架+MySQL架构的内容管理系统，能够满足各类网站开发建设的需求。系统开源、安全、稳定、简洁、易开发、专注为中小型企业及政企单位、个人站长、广大开发者、建站公司提供一套简单好用的网站内容管理系统解决方案。</span></p><p style=\"white-space: normal;\"><span style=\"font-size: 16px;\">BOSSCMS是一款基于自主研发PHP框架+MySQL架构的内容管理系统，能够满足各类网站开发建设的需求。系统开源、安全、稳定、简洁、易开发、专注为中小型企业及政企单位、个人站长、广大开发者、建站公司提供一套简单好用的网站内容管理系统解决方案。</span></p><p><br/></p>', '', '', '', '', '', '', '', '') ;
INSERT INTO `bosscms_news` (`id`, `name`, `sort`, `items`, `theme`, `title`, `keywords`, `description`, `alt`, `recommend`, `top`, `ctime`, `mtime`, `target`, `display`, `link`, `notice`, `static`, `lang`, `image`, `text`, `content`, `text1`, `text2`, `text3`, `image1`, `image2`, `image3`, `images`, `container`) VALUE ('39', 'BOSSCMS系统开源、安全、稳定、简洁、易开发', '0', '19', '', '', '', 'BOSSCMS是一款基于自主研发PHP框架+MySQL架构的内容管理系统，能够满足各类网站开发建设的需求。系统开源、安全、稳定、简洁、易开发、专注为中小型企业及政企单位、个人站长、广大开发者、建', '', '0', '0', '1635234782', '1640581599', '0', '1', '', '719', '', '1', '', '关于我做事情的逻辑和一些感想关于我做事情的逻辑和一些感想关于我做事情的逻辑和一些感想关于我做事情的逻辑和一些感想', '<p style=\"white-space: normal;\"><span style=\"font-size: 16px;\">BOSSCMS是一款基于自主研发PHP框架+MySQL架构的内容管理系统，能够满足各类网站开发建设的需求。系统开源、安全、稳定、简洁、易开发、专注为中小型企业及政企单位、个人站长、广大开发者、建站公司提供一套简单好用的网站内容管理系统解决方案。</span></p><p style=\"white-space: normal;\"><span style=\"font-size: 16px;\">BOSSCMS是一款基于自主研发PHP框架+MySQL架构的内容管理系统，能够满足各类网站开发建设的需求。系统开源、安全、稳定、简洁、易开发、专注为中小型企业及政企单位、个人站长、广大开发者、建站公司提供一套简单好用的网站内容管理系统解决方案。</span></p><p style=\"white-space: normal;\"><span style=\"font-size: 16px;\">BOSSCMS是一款基于自主研发PHP框架+MySQL架构的内容管理系统，能够满足各类网站开发建设的需求。系统开源、安全、稳定、简洁、易开发、专注为中小型企业及政企单位、个人站长、广大开发者、建站公司提供一套简单好用的网站内容管理系统解决方案。</span></p><p style=\"white-space: normal;\"><span style=\"font-size: 16px;\">BOSSCMS是一款基于自主研发PHP框架+MySQL架构的内容管理系统，能够满足各类网站开发建设的需求。系统开源、安全、稳定、简洁、易开发、专注为中小型企业及政企单位、个人站长、广大开发者、建站公司提供一套简单好用的网站内容管理系统解决方案。</span></p><p style=\"white-space: normal;\"><span style=\"font-size: 16px;\">BOSSCMS是一款基于自主研发PHP框架+MySQL架构的内容管理系统，能够满足各类网站开发建设的需求。系统开源、安全、稳定、简洁、易开发、专注为中小型企业及政企单位、个人站长、广大开发者、建站公司提供一套简单好用的网站内容管理系统解决方案。</span></p><p><br/></p>', '', '', '', '', '', '', '', '') ;
INSERT INTO `bosscms_news` (`id`, `name`, `sort`, `items`, `theme`, `title`, `keywords`, `description`, `alt`, `recommend`, `top`, `ctime`, `mtime`, `target`, `display`, `link`, `notice`, `static`, `lang`, `image`, `text`, `content`, `text1`, `text2`, `text3`, `image1`, `image2`, `image3`, `images`, `container`) VALUE ('40', 'BOSSCMS系统，简单好用的网站内容管理系统', '0', '19', '', '', '', '边执行边规划的思维方式边执行边规划的思维方式边执行边规划的思维方式边执行边规划的思维方式边执行边规划的思维方式边执行边规划的思维方式边执行边规划的思维方式边执行边规划的思维方式边执行边规划的思维方式边', '', '1', '1', '1635234782', '1640581577', '0', '1', '', '421', '', '1', '', 'BOSSCMS是一款基于自主研发PHP框架+MySQL架构的内容管理系统，能够满足各类网站开发建设的需求。系统开源、安全、稳定、简洁、易开发、专注为中小型企业及政企单位、个人站长、广大开发者、建', '<p><span style=\"font-size: 16px;\">BOSSCMS是一款基于自主研发PHP框架+MySQL架构的内容管理系统，能够满足各类网站开发建设的需求。系统开源、安全、稳定、简洁、易开发、专注为中小型企业及政企单位、个人站长、广大开发者、建站公司提供一套简单好用的网站内容管理系统解决方案。</span></p><p><span style=\"font-size: 16px;\">BOSSCMS是一款基于自主研发PHP框架+MySQL架构的内容管理系统，能够满足各类网站开发建设的需求。系统开源、安全、稳定、简洁、易开发、专注为中小型企业及政企单位、个人站长、广大开发者、建站公司提供一套简单好用的网站内容管理系统解决方案。</span></p><p><span style=\"font-size: 16px;\">BOSSCMS是一款基于自主研发PHP框架+MySQL架构的内容管理系统，能够满足各类网站开发建设的需求。系统开源、安全、稳定、简洁、易开发、专注为中小型企业及政企单位、个人站长、广大开发者、建站公司提供一套简单好用的网站内容管理系统解决方案。</span></p><p><span style=\"font-size: 16px;\">BOSSCMS是一款基于自主研发PHP框架+MySQL架构的内容管理系统，能够满足各类网站开发建设的需求。系统开源、安全、稳定、简洁、易开发、专注为中小型企业及政企单位、个人站长、广大开发者、建站公司提供一套简单好用的网站内容管理系统解决方案。</span></p><p><span style=\"font-size: 16px;\">BOSSCMS是一款基于自主研发PHP框架+MySQL架构的内容管理系统，能够满足各类网站开发建设的需求。系统开源、安全、稳定、简洁、易开发、专注为中小型企业及政企单位、个人站长、广大开发者、建站公司提供一套简单好用的网站内容管理系统解决方案。</span></p>', '', '', '', '', '', '', '', '') ;
INSERT INTO `bosscms_news` (`id`, `name`, `sort`, `items`, `theme`, `title`, `keywords`, `description`, `alt`, `recommend`, `top`, `ctime`, `mtime`, `target`, `display`, `link`, `notice`, `static`, `lang`, `image`, `text`, `content`, `text1`, `text2`, `text3`, `image1`, `image2`, `image3`, `images`, `container`) VALUE ('46', 'BOSSCMS是基于自主研发PHP框架+MySQL架构的内容管理系统', '0', '18', '', '', '', 'BOSSCMS是一款基于自主研发PHP框架+MySQL架构的内容管理系统，能够满足各类网站开发建设的需求。系统开源、安全、稳定、简洁、易开发、专注为中小型企业及政企单位、个人站长、广大开发者、建', '', '0', '0', '1635399318', '1640581570', '0', '1', '', '1514', '', '1', '', 'BOSSCMS是一款基于自主研发PHP框架+MySQL架构的内容管理系统，能够满足各类网站开发建设的需求。系统开源、安全、稳定、简洁、易开发、专注为中小型企业及政企单位、个人站长、广大开发者、建', '<p><span style=\"font-size: 16px; text-indent: 28px;\">BOSSCMS是一款基于自主研发PHP框架+MySQL架构的内容管理系统，能够满足各类网站开发建设的需求。系统开源、安全、稳定、简洁、易开发、专注为中小型企业及政企单位、个人站长、广大开发者、建站公司提供一套简单好用的网站内容管理系统解决方案。</span></p>', '', '', '', '', '', '', '', '') ;
INSERT INTO `bosscms_news` (`id`, `name`, `sort`, `items`, `theme`, `title`, `keywords`, `description`, `alt`, `recommend`, `top`, `ctime`, `mtime`, `target`, `display`, `link`, `notice`, `static`, `lang`, `image`, `text`, `content`, `text1`, `text2`, `text3`, `image1`, `image2`, `image3`, `images`, `container`) VALUE ('47', 'BOSSCMS系统，简单好用的网站内容管理系统', '0', '18', '', '', '', 'BOSSCMS是一款基于自主研发PHP框架+MySQL架构的内容管理系统，能够满足各类网站开发建设的需求。系统开源、安全、稳定、简洁、易开发、专注为中小型企业及政企单位、个人站长、广大开发者、建', '', '1', '1', '1635399318', '1640581540', '0', '1', '', '2361', '', '1', '', 'BOSSCMS是一款基于自主研发PHP框架+MySQL架构的内容管理系统，能够满足各类网站开发建设的需求。系统开源、安全、稳定、简洁、易开发、专注为中小型企业及政企单位、个人站长、广大开发者、建', '<p><span style=\"font-size: 16px;\">BOSSCMS是一款基于自主研发PHP框架+MySQL架构的内容管理系统，能够满足各类网站开发建设的需求。系统开源、安全、稳定、简洁、易开发、专注为中小型企业及政企单位、个人站长、广大开发者、建站公司提供一套简单好用的网站内容管理系统解决方案。</span></p>', '', '', '', '', '', '', '', '') ;
INSERT INTO `bosscms_news` (`id`, `name`, `sort`, `items`, `theme`, `title`, `keywords`, `description`, `alt`, `recommend`, `top`, `ctime`, `mtime`, `target`, `display`, `link`, `notice`, `static`, `lang`, `image`, `text`, `content`, `text1`, `text2`, `text3`, `image1`, `image2`, `image3`, `images`, `container`) VALUE ('48', 'BOSSCMS系统开源、安全、稳定、简洁、易开发', '0', '18', '', '', '', '', '', '1', '0', '1635399318', '1640581550', '0', '1', '', '573', '', '1', '', '关于我做事情的逻辑和一些感想关于我做事情的逻辑和一些感想关于我做事情的逻辑和一些感想关于我做事情的逻辑和一些感想', '', '', '', '', '', '', '', '', '') ;
INSERT INTO `bosscms_news` (`id`, `name`, `sort`, `items`, `theme`, `title`, `keywords`, `description`, `alt`, `recommend`, `top`, `ctime`, `mtime`, `target`, `display`, `link`, `notice`, `static`, `lang`, `image`, `text`, `content`, `text1`, `text2`, `text3`, `image1`, `image2`, `image3`, `images`, `container`) VALUE ('49', 'BOSSCMS系统后台操作让您10分钟就会建立自己的网站。', '0', '18', '', '', '', 'BOSSCMS是一款基于自主研发PHP框架+MySQL架构的内容管理系统，能够满足各类网站开发建设的需求。系统开源、安全、稳定、简洁、易开发、专注为中小型企业及政企单位、个人站长、广大开发者、建', '', '0', '0', '1635399318', '1640581562', '0', '1', '', '1923', '', '1', '', 'BOSSCMS是一款基于自主研发PHP框架+MySQL架构的内容管理系统，能够满足各类网站开发建设的需求。系统开源、安全、稳定、简洁、易开发、专注为中小型企业及政企单位、个人站长、广大开发者、建', '<p><span style=\"font-size: 16px;\">BOSSCMS是一款基于自主研发PHP框架+MySQL架构的内容管理系统，能够满足各类网站开发建设的需求。系统开源、安全、稳定、简洁、易开发、专注为中小型企业及政企单位、个人站长、广大开发者、建站公司提供一套简单好用的网站内容管理系统解决方案。</span></p>', '', '', '', '', '', '', '', '') ;
INSERT INTO `bosscms_news` (`id`, `name`, `sort`, `items`, `theme`, `title`, `keywords`, `description`, `alt`, `recommend`, `top`, `ctime`, `mtime`, `target`, `display`, `link`, `notice`, `static`, `lang`, `image`, `text`, `content`, `text1`, `text2`, `text3`, `image1`, `image2`, `image3`, `images`, `container`) VALUE ('56', 'BOSSCMS系统，简单好用的网站内容管理系统', '0', '20', '', '', '', '边执行边规划的思维方式边执行边规划的思维方式边执行边规划的思维方式边执行边规划的思维方式边执行边规划的思维方式边执行边规划的思维方式边执行边规划的思维方式边执行边规划的思维方式边执行边规划的思维方式边', '', '1', '1', '1639189460', '1640581608', '0', '1', '', '2328', '', '1', '', 'BOSSCMS是一款基于自主研发PHP框架+MySQL架构的内容管理系统，能够满足各类网站开发建设的需求。系统开源、安全、稳定、简洁、易开发、专注为中小型企业及政企单位、个人站长、广大开发者、建', '<p><span style=\"font-size: 16px;\">BOSSCMS是一款基于自主研发PHP框架+MySQL架构的内容管理系统，能够满足各类网站开发建设的需求。系统开源、安全、稳定、简洁、易开发、专注为中小型企业及政企单位、个人站长、广大开发者、建站公司提供一套简单好用的网站内容管理系统解决方案。</span></p><p><span style=\"font-size: 16px;\">BOSSCMS是一款基于自主研发PHP框架+MySQL架构的内容管理系统，能够满足各类网站开发建设的需求。系统开源、安全、稳定、简洁、易开发、专注为中小型企业及政企单位、个人站长、广大开发者、建站公司提供一套简单好用的网站内容管理系统解决方案。</span></p><p><span style=\"font-size: 16px;\">BOSSCMS是一款基于自主研发PHP框架+MySQL架构的内容管理系统，能够满足各类网站开发建设的需求。系统开源、安全、稳定、简洁、易开发、专注为中小型企业及政企单位、个人站长、广大开发者、建站公司提供一套简单好用的网站内容管理系统解决方案。</span></p><p><span style=\"font-size: 16px;\">BOSSCMS是一款基于自主研发PHP框架+MySQL架构的内容管理系统，能够满足各类网站开发建设的需求。系统开源、安全、稳定、简洁、易开发、专注为中小型企业及政企单位、个人站长、广大开发者、建站公司提供一套简单好用的网站内容管理系统解决方案。</span></p><p><span style=\"font-size: 16px;\">BOSSCMS是一款基于自主研发PHP框架+MySQL架构的内容管理系统，能够满足各类网站开发建设的需求。系统开源、安全、稳定、简洁、易开发、专注为中小型企业及政企单位、个人站长、广大开发者、建站公司提供一套简单好用的网站内容管理系统解决方案。</span></p>', '', '', '', '', '', '', '', '') ;
INSERT INTO `bosscms_news` (`id`, `name`, `sort`, `items`, `theme`, `title`, `keywords`, `description`, `alt`, `recommend`, `top`, `ctime`, `mtime`, `target`, `display`, `link`, `notice`, `static`, `lang`, `image`, `text`, `content`, `text1`, `text2`, `text3`, `image1`, `image2`, `image3`, `images`, `container`) VALUE ('57', 'BOSSCMS系统后台操作让您10分钟就会建立自己的网站。', '0', '20', '', '', '', '流水线的方式,分析自己工作,然后优化它流水线的方式,分析自己工作,然后优化它流水线的方式,分析自己工作,然后优化它流水线的方式,分析自己工作,然后优化它流水线的方式,分析自己工作,然后优化它流水线的方', '', '0', '0', '1639189460', '1640581616', '0', '1', '', '563', '', '1', '', 'BOSSCMS是一款基于自主研发PHP框架+MySQL架构的内容管理系统，能够满足各类网站开发建设的需求。系统开源、安全、稳定、简洁、易开发、专注为中小型企业及政企单位、个人站长、广大开发者、建', '<p style=\"white-space: normal;\"><span style=\"font-size: 16px;\">BOSSCMS是一款基于自主研发PHP框架+MySQL架构的内容管理系统，能够满足各类网站开发建设的需求。系统开源、安全、稳定、简洁、易开发、专注为中小型企业及政企单位、个人站长、广大开发者、建站公司提供一套简单好用的网站内容管理系统解决方案。</span></p><p style=\"white-space: normal;\"><span style=\"font-size: 16px;\">BOSSCMS是一款基于自主研发PHP框架+MySQL架构的内容管理系统，能够满足各类网站开发建设的需求。系统开源、安全、稳定、简洁、易开发、专注为中小型企业及政企单位、个人站长、广大开发者、建站公司提供一套简单好用的网站内容管理系统解决方案。</span></p><p style=\"white-space: normal;\"><span style=\"font-size: 16px;\">BOSSCMS是一款基于自主研发PHP框架+MySQL架构的内容管理系统，能够满足各类网站开发建设的需求。系统开源、安全、稳定、简洁、易开发、专注为中小型企业及政企单位、个人站长、广大开发者、建站公司提供一套简单好用的网站内容管理系统解决方案。</span></p><p style=\"white-space: normal;\"><span style=\"font-size: 16px;\">BOSSCMS是一款基于自主研发PHP框架+MySQL架构的内容管理系统，能够满足各类网站开发建设的需求。系统开源、安全、稳定、简洁、易开发、专注为中小型企业及政企单位、个人站长、广大开发者、建站公司提供一套简单好用的网站内容管理系统解决方案。</span></p><p style=\"white-space: normal;\"><span style=\"font-size: 16px;\">BOSSCMS是一款基于自主研发PHP框架+MySQL架构的内容管理系统，能够满足各类网站开发建设的需求。系统开源、安全、稳定、简洁、易开发、专注为中小型企业及政企单位、个人站长、广大开发者、建站公司提供一套简单好用的网站内容管理系统解决方案。</span></p><p><br/></p>', '', '', '', '', '', '', '', '') ;
INSERT INTO `bosscms_news` (`id`, `name`, `sort`, `items`, `theme`, `title`, `keywords`, `description`, `alt`, `recommend`, `top`, `ctime`, `mtime`, `target`, `display`, `link`, `notice`, `static`, `lang`, `image`, `text`, `content`, `text1`, `text2`, `text3`, `image1`, `image2`, `image3`, `images`, `container`) VALUE ('58', 'BOSSCMS系统开源、安全、稳定、简洁、易开发', '0', '20', '', '', '', 'BOSSCMS是一款基于自主研发PHP框架+MySQL架构的内容管理系统，能够满足各类网站开发建设的需求。系统开源、安全、稳定、简洁、易开发、专注为中小型企业及政企单位、个人站长、广大开发者、建', '', '0', '0', '1639189460', '1640581625', '0', '1', '', '772', '', '1', '', '关于我做事情的逻辑和一些感想关于我做事情的逻辑和一些感想关于我做事情的逻辑和一些感想关于我做事情的逻辑和一些感想', '<p style=\"white-space: normal;\"><span style=\"font-size: 16px;\">BOSSCMS是一款基于自主研发PHP框架+MySQL架构的内容管理系统，能够满足各类网站开发建设的需求。系统开源、安全、稳定、简洁、易开发、专注为中小型企业及政企单位、个人站长、广大开发者、建站公司提供一套简单好用的网站内容管理系统解决方案。</span></p><p style=\"white-space: normal;\"><span style=\"font-size: 16px;\">BOSSCMS是一款基于自主研发PHP框架+MySQL架构的内容管理系统，能够满足各类网站开发建设的需求。系统开源、安全、稳定、简洁、易开发、专注为中小型企业及政企单位、个人站长、广大开发者、建站公司提供一套简单好用的网站内容管理系统解决方案。</span></p><p style=\"white-space: normal;\"><span style=\"font-size: 16px;\">BOSSCMS是一款基于自主研发PHP框架+MySQL架构的内容管理系统，能够满足各类网站开发建设的需求。系统开源、安全、稳定、简洁、易开发、专注为中小型企业及政企单位、个人站长、广大开发者、建站公司提供一套简单好用的网站内容管理系统解决方案。</span></p><p style=\"white-space: normal;\"><span style=\"font-size: 16px;\">BOSSCMS是一款基于自主研发PHP框架+MySQL架构的内容管理系统，能够满足各类网站开发建设的需求。系统开源、安全、稳定、简洁、易开发、专注为中小型企业及政企单位、个人站长、广大开发者、建站公司提供一套简单好用的网站内容管理系统解决方案。</span></p><p style=\"white-space: normal;\"><span style=\"font-size: 16px;\">BOSSCMS是一款基于自主研发PHP框架+MySQL架构的内容管理系统，能够满足各类网站开发建设的需求。系统开源、安全、稳定、简洁、易开发、专注为中小型企业及政企单位、个人站长、广大开发者、建站公司提供一套简单好用的网站内容管理系统解决方案。</span></p><p><br/></p>', '', '', '', '', '', '', '', '') ;
INSERT INTO `bosscms_news` (`id`, `name`, `sort`, `items`, `theme`, `title`, `keywords`, `description`, `alt`, `recommend`, `top`, `ctime`, `mtime`, `target`, `display`, `link`, `notice`, `static`, `lang`, `image`, `text`, `content`, `text1`, `text2`, `text3`, `image1`, `image2`, `image3`, `images`, `container`) VALUE ('59', 'BOSSCMS是基于自主研发PHP框架+MySQL架构的内容管理系统', '0', '20', '', '', '', 'BOSSCMS是一款基于自主研发PHP框架+MySQL架构的内容管理系统，能够满足各类网站开发建设的需求。系统开源、安全、稳定、简洁、易开发、专注为中小型企业及政企单位、个人站长、广大开发者、建', '', '0', '0', '1639189460', '1640581635', '0', '1', '', '233', '', '1', '', 'BOSSCMS是一款基于自主研发PHP框架+MySQL架构的内容管理系统，能够满足各类网站开发建设的需求。系统开源、安全、稳定、简洁、易开发、专注为中小型企业及政企单位、个人站长、广大开发者、建', '<p style=\"white-space: normal;\"><span style=\"font-size: 16px;\">BOSSCMS是一款基于自主研发PHP框架+MySQL架构的内容管理系统，能够满足各类网站开发建设的需求。系统开源、安全、稳定、简洁、易开发、专注为中小型企业及政企单位、个人站长、广大开发者、建站公司提供一套简单好用的网站内容管理系统解决方案。</span></p><p style=\"white-space: normal;\"><span style=\"font-size: 16px;\">BOSSCMS是一款基于自主研发PHP框架+MySQL架构的内容管理系统，能够满足各类网站开发建设的需求。系统开源、安全、稳定、简洁、易开发、专注为中小型企业及政企单位、个人站长、广大开发者、建站公司提供一套简单好用的网站内容管理系统解决方案。</span></p><p style=\"white-space: normal;\"><span style=\"font-size: 16px;\">BOSSCMS是一款基于自主研发PHP框架+MySQL架构的内容管理系统，能够满足各类网站开发建设的需求。系统开源、安全、稳定、简洁、易开发、专注为中小型企业及政企单位、个人站长、广大开发者、建站公司提供一套简单好用的网站内容管理系统解决方案。</span></p><p style=\"white-space: normal;\"><span style=\"font-size: 16px;\">BOSSCMS是一款基于自主研发PHP框架+MySQL架构的内容管理系统，能够满足各类网站开发建设的需求。系统开源、安全、稳定、简洁、易开发、专注为中小型企业及政企单位、个人站长、广大开发者、建站公司提供一套简单好用的网站内容管理系统解决方案。</span></p><p style=\"white-space: normal;\"><span style=\"font-size: 16px;\">BOSSCMS是一款基于自主研发PHP框架+MySQL架构的内容管理系统，能够满足各类网站开发建设的需求。系统开源、安全、稳定、简洁、易开发、专注为中小型企业及政企单位、个人站长、广大开发者、建站公司提供一套简单好用的网站内容管理系统解决方案。</span></p><p><br/></p>', '', '', '', '', '', '', '', '') ;



INSERT INTO `bosscms_product` (`id`, `name`, `sort`, `items`, `theme`, `title`, `keywords`, `description`, `alt`, `recommend`, `top`, `ctime`, `mtime`, `target`, `display`, `link`, `notice`, `static`, `lang`, `image`, `images`, `text`, `content`, `content1`, `content2`, `content3`, `content4`, `price`, `icon`, `video`, `text1`, `text2`, `text3`, `image1`, `image2`, `image3`, `container`) VALUE ('36', '智能音箱', '0', '88', '', '', '', '边执行边规划的思维方式边执行边规划的思维方式边执行边规划的思维方式边执行边规划的思维方式边执行边规划的思维方式边执行边规划的思维方式边执行边规划的思维方式边执行边规划的思维方式边执行边规划的思维方式边', '', '0', '0', '1635217219', '1640581502', '0', '1', '', '159', '', '1', '..//upload/photo/202112/111239483.jpg', '[\"..//upload/photo/202112/111239483.jpg\",\"..//upload/photo/202112/111131000.jpg\",\"..//upload/photo/202112/111116297.jpg\",\"..//upload/photo/202112/111129486.jpg\"]', '智能音箱是一个音箱升级的产物，与家庭消费者用语音进行上网的一个工具，比如点播歌曲、上网购物，或是了解天气预报，功能延伸与智能家居产生了密切联系。它也可以对智能家居设备进行控制，比如打开窗帘、设置冰箱温', '<p style=\"white-space: normal;\"><span style=\"font-size: 16px;\">智能音箱是一个音箱升级的产物，与家庭消费者用语音进行上网的一个工具，比如点播歌曲、上网购物，或是了解天气预报，功能延伸与智能家居产生了密切联系。它也可以对智能家居设备进行控制，比如打开窗帘、设置冰箱温度、提前让热水器升温等。如果把智能家居看作是一个智能生活系统的话，那智能音箱就是人工智能管家，是核心操控者。</span></p><p style=\"white-space: normal;\"><span style=\"font-size: 16px;\">智能音箱是一个音箱升级的产物，与家庭消费者用语音进行上网的一个工具，比如点播歌曲、上网购物，或是了解天气预报，功能延伸与智能家居产生了密切联系。它也可以对智能家居设备进行控制，比如打开窗帘、设置冰箱温度、提前让热水器升温等。如果把智能家居看作是一个智能生活系统的话，那智能音箱就是人工智能管家，是核心操控者。</span></p><p style=\"white-space: normal;\"><span style=\"font-size: 16px;\">智能音箱是一个音箱升级的产物，与家庭消费者用语音进行上网的一个工具，比如点播歌曲、上网购物，或是了解天气预报，功能延伸与智能家居产生了密切联系。它也可以对智能家居设备进行控制，比如打开窗帘、设置冰箱温度、提前让热水器升温等。如果把智能家居看作是一个智能生活系统的话，那智能音箱就是人工智能管家，是核心操控者。</span></p><p><img src=\"..//upload/photo/202112/011123136.jpg\" alt=\"011123136.jpg\"/></p>', '<p style=\"white-space: normal;\"><span style=\"font-size: 16px;\"></span><span style=\"font-size: 16px;\">智能音箱是一个音箱升级的产物，与家庭消费者用语音进行上网的一个工具，比如点播歌曲、上网购物，或是了解天气预报，功能延伸与智能家居产生了密切联系。它也可以对智能家居设备进行控制，比如打开窗帘、设置冰箱温度、提前让热水器升温等。如果把智能家居看作是一个智能生活系统的话，那智能音箱就是人工智能管家，是核心操控者。</span><span style=\"font-size: 16px;\"></span></p><p style=\"white-space: normal;\"><br/></p><p><br/></p>', '<p style=\"white-space: normal;\"><span style=\"font-size: 16px;\"></span><span style=\"font-size: 16px;\">它也可以对智能家居设备进行控制，比如打开窗帘、设置冰箱温度、提前让热水器升温等。如果把智能家居看作是一个智能生活系统的话，那智能音箱就是人工智能管家，是核心操控者。</span><span style=\"font-size: 16px;\"></span></p><p style=\"white-space: normal;\"><br/></p>', '', '', '', '', '', '', '', '', '', '', '', '') ;
INSERT INTO `bosscms_product` (`id`, `name`, `sort`, `items`, `theme`, `title`, `keywords`, `description`, `alt`, `recommend`, `top`, `ctime`, `mtime`, `target`, `display`, `link`, `notice`, `static`, `lang`, `image`, `images`, `text`, `content`, `content1`, `content2`, `content3`, `content4`, `price`, `icon`, `video`, `text1`, `text2`, `text3`, `image1`, `image2`, `image3`, `container`) VALUE ('60', 'VR眼镜', '3', '87', '', '', '', 'vr', '', '0', '0', '1639189429', '1640581470', '0', '1', '', '19', '', '1', '..//upload/photo/202112/111116297.jpg', '', 'VR眼镜即VR头显，虚拟现实头戴式显示设备。由于早期没有头显这个概念，所以根据外观产生了VR眼镜、VR眼罩、VR头盔等不专业叫法。VR头显是利用头戴式显示设备将人的对外界的视觉、听觉封闭，引导用户产生', '<p><span style=\"font-size: 16px;\">VR眼镜即VR头显，虚拟现实头戴式显示设备。由于早期没有头显这个概念，所以根据外观产生了VR眼镜、VR眼罩、VR头盔等不专业叫法。</span></p><p><span style=\"font-size: 16px;\">VR头显是利用头戴式显示设备将人的对外界的视觉、听觉封闭，引导用户产生一种身在虚拟环境中的感觉。其显示原理是左右眼屏幕分别显示左右眼的图像，人眼获取这种带有差异的信息后在脑海中产生立体感。</span></p><p><span style=\"font-size: 16px;\">VR眼镜即VR头显，虚拟现实头戴式显示设备。由于早期没有头显这个概念，所以根据外观产生了VR眼镜、VR眼罩、VR头盔等不专业叫法。</span></p><p><span style=\"font-size: 16px;\">VR头显是利用头戴式显示设备将人的对外界的视觉、听觉封闭，引导用户产生一种身在虚拟环境中的感觉。其显示原理是左右眼屏幕分别显示左右眼的图像，人眼获取这种带有差异的信息后在脑海中产生立体感。</span></p><p><span style=\"font-size: 16px;\">VR眼镜即VR头显，虚拟现实头戴式显示设备。由于早期没有头显这个概念，所以根据外观产生了VR眼镜、VR眼罩、VR头盔等不专业叫法。</span></p><p><span style=\"font-size: 16px;\">VR头显是利用头戴式显示设备将人的对外界的视觉、听觉封闭，引导用户产生一种身在虚拟环境中的感觉。其显示原理是左右眼屏幕分别显示左右眼的图像，人眼获取这种带有差异的信息后在脑海中产生立体感。</span></p><p><br/></p>', '<p style=\"white-space: normal;\"><span style=\"font-size: 16px;\"></span></p><p><span style=\"font-size: 16px;\">VR眼镜即VR头显，虚拟现实头戴式显示设备。由于早期没有头显这个概念，所以根据外观产生了VR眼镜、VR眼罩、VR头盔等不专业叫法。</span></p><p style=\"white-space: normal;\"><span style=\"font-size: 16px;\"><br/></span></p><p style=\"white-space: normal;\"><br/></p><p><br/></p>', '<p style=\"white-space: normal;\"><span style=\"font-size: 16px;\"></span></p><p><span style=\"font-size: 16px;\">VR头显是利用头戴式显示设备将人的对外界的视觉、听觉封闭，引导用户产生一种身在虚拟环境中的感觉。其显示原理是左右眼屏幕分别显示左右眼的图像，人眼获取这种带有差异的信息后在脑海中产生立体感。</span></p><p><br/></p>', '', '', '', '', '', '', '', '', '', '', '', '') ;
INSERT INTO `bosscms_product` (`id`, `name`, `sort`, `items`, `theme`, `title`, `keywords`, `description`, `alt`, `recommend`, `top`, `ctime`, `mtime`, `target`, `display`, `link`, `notice`, `static`, `lang`, `image`, `images`, `text`, `content`, `content1`, `content2`, `content3`, `content4`, `price`, `icon`, `video`, `text1`, `text2`, `text3`, `image1`, `image2`, `image3`, `container`) VALUE ('61', '多终端教育', '0', '89', '', '', '', 'BOSSCMS是一款基于自主研发PHP框架+MySQL架构的内容管理系统，能够满足各类网站开发建设的需求。系统开源、安全、稳定、*、简洁、易开发、专注为中小型企业及政企单位、个人站长、广大开发者、建站', '', '0', '0', '1639189671', '1640581519', '0', '1', '', '14', '', '1', '..//upload/photo/202112/111131000.jpg', '', 'BOSSCMS是一款基于自主研发PHP框架+MySQL架构的内容管理系统，能够满足各类网站开发建设的需求。系统开源、安全、稳定、*、简洁、易开发、专注为中小型企业及政企单位、个人站长、广大开发者、建站', '<p style=\"white-space: normal;\"><span style=\"font-size: 16px;\">BOSSCMS是一款基于自主研发PHP框架+MySQL架构的内容管理系统，能够满足各类网站开发建设的需求。系统开源、安全、稳定、*、简洁、易开发、专注为中小型企业及政企单位、个人站长、广大开发者、建站公司提供一套简单好用的网站内容管理系统解决方案。官网提供了大量的网站模板，可以让您不需要任何的专业技术就能轻松搭建您的网站，易操作、易上手、快捷方便的后台操作让您10分钟就会建立自己的网站。</span></p><p style=\"white-space: normal;\"><span style=\"font-size: 16px;\">如果你是模板开发者和应用开发者，对我们BOSSCMS很感兴趣，我们期待你的参与。</span></p><p style=\"white-space: normal;\"><span style=\"font-size: 16px;\">如果您认可BOSSCMS，期待您把BOSSCMS系统推荐给你的朋友，帮我们做做宣传，也是对我们的帮助哟！</span></p><p style=\"white-space: normal;\"><br/></p><p><br/></p>', '<p style=\"white-space: normal;\"><span style=\"font-size: 16px;\">BOSSCMS是一款基于自主研发PHP框架+MySQL架构的内容管理系统，能够满足各类网站开发建设的需求。系统开源、安全、稳定、*、简洁、易开发、专注为中小型企业及政企单位、个人站长、广大开发者、建站公司提供一套简单好用的网站内容管理系统解决方案。官网提供了大量的网站模板，可以让您不需要任何的专业技术就能轻松搭建您的网站，易操作、易上手、快捷方便的后台操作让您10分钟就会建立自己的网站。</span></p><p style=\"white-space: normal;\"><span style=\"font-size: 16px;\">如果你是模板开发者和应用开发者，对我们BOSSCMS很感兴趣，我们期待你的参与。</span></p><p style=\"white-space: normal;\"><span style=\"font-size: 16px;\">如果您认可BOSSCMS，期待您把BOSSCMS系统推荐给你的朋友，帮我们做做宣传，也是对我们的帮助哟！</span></p><p style=\"white-space: normal;\"><br/></p><p><br/></p>', '<p style=\"white-space: normal;\"><span style=\"font-size: 16px;\">BOSSCMS是一款基于自主研发PHP框架+MySQL架构的内容管理系统，能够满足各类网站开发建设的需求。系统开源、安全、稳定、*、简洁、易开发、专注为中小型企业及政企单位、个人站长、广大开发者、建站公司提供一套简单好用的网站内容管理系统解决方案。官网提供了大量的网站模板，可以让您不需要任何的专业技术就能轻松搭建您的网站，易操作、易上手、快捷方便的后台操作让您10分钟就会建立自己的网站。</span></p><p style=\"white-space: normal;\"><span style=\"font-size: 16px;\">如果你是模板开发者和应用开发者，对我们BOSSCMS很感兴趣，我们期待你的参与。</span></p><p style=\"white-space: normal;\"><span style=\"font-size: 16px;\">如果您认可BOSSCMS，期待您把BOSSCMS系统推荐给你的朋友，帮我们做做宣传，也是对我们的帮助哟！</span></p><p style=\"white-space: normal;\"><br/></p><p><br/></p>', '', '', '', '', '', '', '', '', '', '', '', '') ;
INSERT INTO `bosscms_product` (`id`, `name`, `sort`, `items`, `theme`, `title`, `keywords`, `description`, `alt`, `recommend`, `top`, `ctime`, `mtime`, `target`, `display`, `link`, `notice`, `static`, `lang`, `image`, `images`, `text`, `content`, `content1`, `content2`, `content3`, `content4`, `price`, `icon`, `video`, `text1`, `text2`, `text3`, `image1`, `image2`, `image3`, `container`) VALUE ('62', '移动电源', '2', '91', '', '', '', 'BOSSCMS是一款基于自主研发PHP框架+MySQL架构的内容管理系统，能够满足各类网站开发建设的需求。系统开源、安全、稳定、*、简洁、易开发、专注为中小型企业及政企单位、个人站长、广大开发者、建站', '', '1', '0', '1639190014', '1640582553', '0', '1', '', '24', '', '1', '..//upload/photo/202112/111129486.jpg', '[\"..//upload/photo/202112/111129486.jpg\",\"..//upload/photo/202112/111308576.jpg\",\"..//upload/photo/202112/111116297.jpg\",\"..//upload/photo/202112/111131000.jpg\"]', '小白移动电源，自动检测设备以又快又安全的方式充电。并且小白移动电源（10000mAh高配版）支持最大功率 18W 为自己快速充电，充满自己的时间可以大幅缩短。输出时通过内置芯片智能识别设备所需的电流大', '<p><span style=\"font-size: 16px;\">小白移动电源，自动检测设备以又快又安全的方式充电。并且小白移动电源（10000mAh高配版）支持</span><span style=\"font-size: 16px;\">最大功率 18W 为自己快速充电，充满自己的时间可以大幅缩短。输出时通过内置芯片智能识别设备所需的</span><span style=\"font-size: 16px;\">电流大小，兼容 QC3.0/QC2.0/BC1.2/APPLE 等协议的手机、平板电脑等设备。</span></p><p><br/></p>', '<p style=\"white-space: normal;\"><span style=\"font-size: 16px;\">高密度锂聚合物电芯采用来自 ATL / 力神 供应商的原装锂聚合物电芯，拥有高达 10000mAh 大电量，为你的手机、平板、数码相机提供超乎想象的续航时间。</span></p><p style=\"white-space: normal;\"><img src=\"..//upload/photo/202112/011123136.jpg\" alt=\"011123136.jpg\" style=\"font-size: 16px;\"/><br/></p><p style=\"white-space: normal;\"><br/></p><p><br/></p>', '<p style=\"white-space: normal;\"><span style=\"font-size: 16px;\"></span></p><p><span style=\"font-size: 16px;\"><strong>提升使用手感和整体品质</strong></span></p><p><span style=\"font-size: 16px;\">在基于原有铝合金金属表面处理工艺的基础上，贴心地在壳体两端</span></p><p><span style=\"font-size: 16px;\">增加 CNC 镂边工艺，并进行高抛光二次阳极处理，视觉上呈现出</span></p><p><span style=\"font-size: 16px;\">两条精美的轮廓线，提升了品质感的同时也增强了手感。</span></p><p><span style=\"font-size: 16px;\"><strong>铝合金金属外壳</strong></span></p><p><span style=\"font-size: 16px;\">CNC 高精度数控机床切割，一体成型金属外壳。超高的结构强度，</span></p><p><span style=\"font-size: 16px;\">耐摔防撞。表面更可防汗防腐蚀，适宜随身携带。</span></p><p style=\"white-space: normal;\"><br/></p><p style=\"white-space: normal;\"><br/></p><p><br/></p>', '', '', '', '', '', '', '', '', '', '', '', '') ;
INSERT INTO `bosscms_product` (`id`, `name`, `sort`, `items`, `theme`, `title`, `keywords`, `description`, `alt`, `recommend`, `top`, `ctime`, `mtime`, `target`, `display`, `link`, `notice`, `static`, `lang`, `image`, `images`, `text`, `content`, `content1`, `content2`, `content3`, `content4`, `price`, `icon`, `video`, `text1`, `text2`, `text3`, `image1`, `image2`, `image3`, `container`) VALUE ('63', '投影仪', '0', '88', '', '', '', '边执行边规划的思维方式边执行边规划的思维方式边执行边规划的思维方式边执行边规划的思维方式边执行边规划的思维方式边执行边规划的思维方式边执行边规划的思维方式边执行边规划的思维方式边执行边规划的思维方式边', '', '0', '0', '1639197691', '1640581485', '0', '1', '', '1', '', '1', '..//upload/photo/202112/111239483.jpg', '', '投影仪又称投影机，它是一种可以将图像或视频投射到幕布上的设备，可以通过不同的接口同计算机、VCD、DVD、BD、游戏机、DV等相连接播放相应的视频信号。投影仪又称投影机，它是一种可以将图像或视频投射到', '<p style=\"white-space: normal;\"><span style=\"font-size: 16px;\">投影仪又称投影机，它是一种可以将图像或视频投射到幕布上的设备，可以通过不同的接口同计算机、VCD、DVD、BD、游戏机、DV等相连接播放相应的视频信号。</span></p><p style=\"white-space: normal;\"><span style=\"font-size: 16px;\">投影仪又称投影机，它是一种可以将图像或视频投射到幕布上的设备，可以通过不同的接口同计算机、VCD、DVD、BD、游戏机、DV等相连接播放相应的视频信号。</span></p><p style=\"white-space: normal;\"><span style=\"font-size: 16px;\">投影仪又称投影机，它是一种可以将图像或视频投射到幕布上的设备，可以通过不同的接口同计算机、VCD、DVD、BD、游戏机、DV等相连接播放相应的视频信号。</span></p><p><img src=\"..//upload/photo/202112/011123136.jpg\" alt=\"011123136.jpg\"/></p>', '<p style=\"white-space: normal;\"><span style=\"font-size: 16px;\"></span><span style=\"font-size: 16px;\">投影仪又称投影机，它是一种可以将图像或视频投射到幕布上的设备，可以通过不同的接口同计算机、VCD、DVD、BD、游戏机、DV等相连接播放相应的视频信号。</span><span style=\"font-size: 16px;\"></span></p><p style=\"white-space: normal;\"><br/></p><p><br/></p>', '<p style=\"white-space: normal;\"><span style=\"font-size: 16px;\"></span><span style=\"font-size: 16px;\">便携商务型投影仪一般把重量低于2公斤的投影仪定义为商务便携型投影仪，这个重量跟轻薄型笔记本电脑不相上下。商务便携型投影仪的优点有体积小、重量轻、移动性强，是传统的幻灯机和大中型投影仪的替代品，轻薄型笔记本电脑跟商务便携型投影仪的搭配，是移动商务用户在进行移动商业演示时的首选搭配。</span></p><p><br/></p>', '', '', '', '', '', '', '', '', '', '', '', '') ;
INSERT INTO `bosscms_product` (`id`, `name`, `sort`, `items`, `theme`, `title`, `keywords`, `description`, `alt`, `recommend`, `top`, `ctime`, `mtime`, `target`, `display`, `link`, `notice`, `static`, `lang`, `image`, `images`, `text`, `content`, `content1`, `content2`, `content3`, `content4`, `price`, `icon`, `video`, `text1`, `text2`, `text3`, `image1`, `image2`, `image3`, `container`) VALUE ('64', 'VR眼镜一体机', '4', '87', '', '', '', 'vr', '', '0', '0', '1639197691', '1640581463', '0', '1', '', '8', '', '1', '..//upload/photo/202112/111116297.jpg', '', 'VR眼镜即VR头显，虚拟现实头戴式显示设备。由于早期没有头显这个概念，所以根据外观产生了VR眼镜、VR眼罩、VR头盔等不专业叫法。VR头显是利用头戴式显示设备将人的对外界的视觉、听觉封闭，引导用户产生', '<p style=\"white-space: normal;\"><span style=\"font-size: 16px;\"></span></p><p><span style=\"font-size: 16px;\">VR眼镜即VR头显，虚拟现实头戴式显示设备。由于早期没有头显这个概念，所以根据外观产生了VR眼镜、VR眼罩、VR头盔等不专业叫法。</span></p><p><span style=\"font-size: 16px;\">VR头显是利用头戴式显示设备将人的对外界的视觉、听觉封闭，引导用户产生一种身在虚拟环境中的感觉。其显示原理是左右眼屏幕分别显示左右眼的图像，人眼获取这种带有差异的信息后在脑海中产生立体感。</span></p><p><span style=\"font-size: 16px;\">VR眼镜即VR头显，虚拟现实头戴式显示设备。由于早期没有头显这个概念，所以根据外观产生了VR眼镜、VR眼罩、VR头盔等不专业叫法。</span></p><p><span style=\"font-size: 16px;\">VR头显是利用头戴式显示设备将人的对外界的视觉、听觉封闭，引导用户产生一种身在虚拟环境中的感觉。其显示原理是左右眼屏幕分别显示左右眼的图像，人眼获取这种带有差异的信息后在脑海中产生立体感。</span></p><p><span style=\"font-size: 16px;\">VR眼镜即VR头显，虚拟现实头戴式显示设备。由于早期没有头显这个概念，所以根据外观产生了VR眼镜、VR眼罩、VR头盔等不专业叫法。</span></p><p><span style=\"font-size: 16px;\">VR头显是利用头戴式显示设备将人的对外界的视觉、听觉封闭，引导用户产生一种身在虚拟环境中的感觉。其显示原理是左右眼屏幕分别显示左右眼的图像，人眼获取这种带有差异的信息后在脑海中产生立体感。</span></p><p><span style=\"font-size: 16px;\">VR眼镜即VR头显，虚拟现实头戴式显示设备。由于早期没有头显这个概念，所以根据外观产生了VR眼镜、VR眼罩、VR头盔等不专业叫法。</span></p><p><span style=\"font-size: 16px;\">VR头显是利用头戴式显示设备将人的对外界的视觉、听觉封闭，引导用户产生一种身在虚拟环境中的感觉。其显示原理是左右眼屏幕分别显示左右眼的图像，人眼获取这种带有差异的信息后在脑海中产生立体感。</span></p><p style=\"white-space: normal;\"><br/></p><p style=\"white-space: normal;\"><br/></p><p style=\"white-space: normal;\"><br/></p><p><br/></p>', '<p style=\"white-space: normal;\"><span style=\"font-size: 16px;\"></span></p><p><span style=\"font-size: 16px;\">VR眼镜即VR头显，虚拟现实头戴式显示设备。由于早期没有头显这个概念，所以根据外观产生了VR眼镜、VR眼罩、VR头盔等不专业叫法。</span></p><p><span style=\"font-size: 16px;\">VR头显是利用头戴式显示设备将人的对外界的视觉、听觉封闭，引导用户产生一种身在虚拟环境中的感觉。其显示原理是左右眼屏幕分别显示左右眼的图像，人眼获取这种带有差异的信息后在脑海中产生立体感。</span></p><p style=\"white-space: normal;\"><br/></p>', '<p style=\"white-space: normal;\"><span style=\"font-size: 16px;\"></span></p><p><span style=\"font-size: 16px;\">VR眼镜即VR头显，虚拟现实头戴式显示设备。由于早期没有头显这个概念，所以根据外观产生了VR眼镜、VR眼罩、VR头盔等不专业叫法。</span></p><p style=\"white-space: normal;\"><br/></p><p><br/></p>', '', '', '', '', '', '', '', '', '', '', '', '') ;
INSERT INTO `bosscms_product` (`id`, `name`, `sort`, `items`, `theme`, `title`, `keywords`, `description`, `alt`, `recommend`, `top`, `ctime`, `mtime`, `target`, `display`, `link`, `notice`, `static`, `lang`, `image`, `images`, `text`, `content`, `content1`, `content2`, `content3`, `content4`, `price`, `icon`, `video`, `text1`, `text2`, `text3`, `image1`, `image2`, `image3`, `container`) VALUE ('65', '智能耳机', '1', '90', '', '', '', 'BOSSCMS是一款基于自主研发PHP框架+MySQL架构的内容管理系统，能够满足各类网站开发建设的需求。系统开源、安全、稳定、*、简洁、易开发、专注为中小型企业及政企单位、个人站长、广大开发者、建站', '', '1', '1', '1639197691', '1640582539', '0', '1', '', '177', '', '1', '..//upload/photo/202112/111129486.jpg', '[\"..//upload/photo/202112/111129486.jpg\",\"..//upload/photo/202112/111116297.jpg\",\"..//upload/photo/202112/111239483.jpg\"]', '音乐，为你量耳定制。自适应均衡功能可自动调整你耳中音乐的效果。内向式麦克风会检测你聆听的内容，并以此调整低频和中频音域，为你实时定制音效，使每一首歌曲都能呈现出丰富的细节。', '<p style=\"white-space: normal;\"><span style=\"font-size: 16px;\">音乐，为你量耳定制。自适应均衡功能可自动调整你耳中音乐的效果。内向式麦克风会检测你聆听的内容，并以此调整低频和中频音域，为你实时定制音效，使每一首歌曲都能呈现出丰富的细节。</span></p><p style=\"white-space: normal;\"><img src=\"..//upload/photo/202112/111129486.jpg\" alt=\"111129486.jpg\"/></p><p><br/></p>', '<p style=\"white-space: normal;\"><span style=\"font-size: 16px;\"></span><span style=\"font-size: 16px;\">在两边耳机特制的声学网罩之下，均配有嵌入式麦克风，可在你通话时尽可能降低风噪，让你的声音听起来始终清晰响亮。</span></p><p style=\"white-space: normal;\"><img src=\"..//upload/photo/202112/011123136.jpg\"/><br/></p><p><br/></p>', '<p style=\"white-space: normal;\"><span style=\"font-size: 16px;\">超有感知力。经过提升的皮肤识别传感器可区分耳朵与其他的表面，因此只有当你戴着 AirPods 时，它才会播放音频，而放在口袋中或桌上时就会自动暂停。</span></p><p style=\"white-space: normal;\"><span style=\"font-size: 16px;\"><img src=\"..//upload/photo/202112/081102195.jpg\" alt=\"081102195.jpg\"/></span></p><p style=\"white-space: normal;\"><br/></p><p><br/></p>', '', '', '', '', '', '', '', '', '', '', '', '') ;
INSERT INTO `bosscms_product` (`id`, `name`, `sort`, `items`, `theme`, `title`, `keywords`, `description`, `alt`, `recommend`, `top`, `ctime`, `mtime`, `target`, `display`, `link`, `notice`, `static`, `lang`, `image`, `images`, `text`, `content`, `content1`, `content2`, `content3`, `content4`, `price`, `icon`, `video`, `text1`, `text2`, `text3`, `image1`, `image2`, `image3`, `container`) VALUE ('66', '多终端教育', '0', '89', '', '', '', 'BOSSCMS是一款基于自主研发PHP框架+MySQL架构的内容管理系统，能够满足各类网站开发建设的需求。系统开源、安全、稳定、*、简洁、易开发、专注为中小型企业及政企单位、个人站长、广大开发者、建站', '', '0', '0', '1639197691', '1640581527', '0', '1', '', '5', '', '1', '..//upload/photo/202112/111131000.jpg', '', 'BOSSCMS是一款基于自主研发PHP框架+MySQL架构的内容管理系统，能够满足各类网站开发建设的需求。系统开源、安全、稳定、*、简洁、易开发、专注为中小型企业及政企单位、个人站长、广大开发者、建站', '<p><span style=\"font-size: 16px;\">BOSSCMS是一款基于自主研发PHP框架+MySQL架构的内容管理系统，能够满足各类网站开发建设的需求。系统开源、安全、稳定、*、简洁、易开发、专注为中小型企业及政企单位、个人站长、广大开发者、建站公司提供一套简单好用的网站内容管理系统解决方案。官网提供了大量的网站模板，可以让您不需要任何的专业技术就能轻松搭建您的网站，易操作、易上手、快捷方便的后台操作让您10分钟就会建立自己的网站。</span></p><p><span style=\"font-size: 16px;\">如果你是模板开发者和应用开发者，对我们BOSSCMS很感兴趣，我们期待你的参与。</span></p><p><span style=\"font-size: 16px;\">如果您认可BOSSCMS，期待您把BOSSCMS系统推荐给你的朋友，帮我们做做宣传，也是对我们的帮助哟！</span></p><p><br/></p>', '<p style=\"white-space: normal;\"><span style=\"font-size: 16px;\">BOSSCMS是一款基于自主研发PHP框架+MySQL架构的内容管理系统，能够满足各类网站开发建设的需求。系统开源、安全、稳定、*、简洁、易开发、专注为中小型企业及政企单位、个人站长、广大开发者、建站公司提供一套简单好用的网站内容管理系统解决方案。官网提供了大量的网站模板，可以让您不需要任何的专业技术就能轻松搭建您的网站，易操作、易上手、快捷方便的后台操作让您10分钟就会建立自己的网站。</span></p><p style=\"white-space: normal;\"><span style=\"font-size: 16px;\">如果你是模板开发者和应用开发者，对我们BOSSCMS很感兴趣，我们期待你的参与。</span></p><p style=\"white-space: normal;\"><span style=\"font-size: 16px;\">如果您认可BOSSCMS，期待您把BOSSCMS系统推荐给你的朋友，帮我们做做宣传，也是对我们的帮助哟！</span></p><p style=\"white-space: normal;\"><br/></p><p><br/></p>', '<p style=\"white-space: normal;\"><span style=\"font-size: 16px;\">BOSSCMS是一款基于自主研发PHP框架+MySQL架构的内容管理系统，能够满足各类网站开发建设的需求。系统开源、安全、稳定、*、简洁、易开发、专注为中小型企业及政企单位、个人站长、广大开发者、建站公司提供一套简单好用的网站内容管理系统解决方案。官网提供了大量的网站模板，可以让您不需要任何的专业技术就能轻松搭建您的网站，易操作、易上手、快捷方便的后台操作让您10分钟就会建立自己的网站。</span></p><p style=\"white-space: normal;\"><span style=\"font-size: 16px;\">如果你是模板开发者和应用开发者，对我们BOSSCMS很感兴趣，我们期待你的参与。</span></p><p style=\"white-space: normal;\"><span style=\"font-size: 16px;\">如果您认可BOSSCMS，期待您把BOSSCMS系统推荐给你的朋友，帮我们做做宣传，也是对我们的帮助哟！</span></p><p style=\"white-space: normal;\"><br/></p><p><br/></p>', '', '', '', '', '', '', '', '', '', '', '', '') ;



INSERT INTO `bosscms_image` (`id`, `name`, `sort`, `items`, `theme`, `title`, `keywords`, `description`, `alt`, `recommend`, `top`, `ctime`, `mtime`, `target`, `display`, `link`, `notice`, `static`, `lang`, `image`, `images`, `text`, `content`, `text1`, `text2`, `text3`, `image1`, `image2`, `image3`, `container`) VALUE ('56', '图库', '0', '65', '', '', '', '好的图片来源于生活！', '', '0', '0', '1638087842', '1640582027', '0', '1', '', '80', '', '1', '..//upload/photo/202112/111129486.jpg', '[\"..//upload/photo/202112/111129486.jpg\",\"..//upload/photo/202112/111131000.jpg\",\"..//upload/photo/202112/111116297.jpg\"]', '好的图片来源于生活！', '<p>好的图片来源于生活！</p><p><br/></p><p><img src=\"..//upload/photo/202112/111239483.jpg\" style=\"\"/></p><p><br/></p><p><img src=\"..//upload/photo/202112/111116297.jpg\" style=\"\"/></p>', '', '', '', '', '', '', '') ;
INSERT INTO `bosscms_image` (`id`, `name`, `sort`, `items`, `theme`, `title`, `keywords`, `description`, `alt`, `recommend`, `top`, `ctime`, `mtime`, `target`, `display`, `link`, `notice`, `static`, `lang`, `image`, `images`, `text`, `content`, `text1`, `text2`, `text3`, `image1`, `image2`, `image3`, `container`) VALUE ('57', '图库333', '0', '66', '', '', '', '', '', '0', '0', '1638087879', '1640582015', '0', '1', '', '8', '', '1', '..//upload/photo/202112/111308576.jpg', '', '', '<p><img src=\"..//upload/photo/202112/110910459.jpg\" style=\"\"/></p><p><br/></p><p><img src=\"..//upload/photo/202112/110907111.jpg\" style=\"\"/></p><p><br/></p>', '', '', '', '', '', '', '') ;
INSERT INTO `bosscms_image` (`id`, `name`, `sort`, `items`, `theme`, `title`, `keywords`, `description`, `alt`, `recommend`, `top`, `ctime`, `mtime`, `target`, `display`, `link`, `notice`, `static`, `lang`, `image`, `images`, `text`, `content`, `text1`, `text2`, `text3`, `image1`, `image2`, `image3`, `container`) VALUE ('58', '图库333', '0', '83', '', '', '', '', '', '0', '0', '1639192802', '1640582046', '0', '1', '', '7', '', '1', '..//upload/photo/202112/111131000.jpg', '', '', '<p><img src=\"..//upload/photo/202112/111131000.jpg\" alt=\"111131000.jpg\"/></p>', '', '', '', '', '', '', '') ;
INSERT INTO `bosscms_image` (`id`, `name`, `sort`, `items`, `theme`, `title`, `keywords`, `description`, `alt`, `recommend`, `top`, `ctime`, `mtime`, `target`, `display`, `link`, `notice`, `static`, `lang`, `image`, `images`, `text`, `content`, `text1`, `text2`, `text3`, `image1`, `image2`, `image3`, `container`) VALUE ('59', '图库333', '0', '84', '', '', '', '', '', '0', '0', '1639192807', '1640582057', '0', '1', '', '19', '', '1', '..//upload/photo/202112/111239483.jpg', '[\"..//upload/photo/202112/111239483.jpg\",\"..//upload/photo/202112/111116297.jpg\",\"..//upload/photo/202112/111129486.jpg\",\"..//upload/photo/202112/111131000.jpg\"]', '', '', '', '', '', '', '', '', '') ;



INSERT INTO `bosscms_download` (`id`, `name`, `sort`, `items`, `theme`, `title`, `keywords`, `description`, `alt`, `recommend`, `top`, `ctime`, `mtime`, `target`, `display`, `link`, `notice`, `static`, `lang`, `file`, `size`, `text`, `content`, `icon`, `image`, `container`) VALUE ('56', '测试111', '0', '67', '', '', '', '', '', '0', '0', '1638087931', '1639192657', '0', '1', '', '6', '', '1', '..//upload/photo/202112/011123136.jpg', '187900', '', '', '', '', '') ;
INSERT INTO `bosscms_download` (`id`, `name`, `sort`, `items`, `theme`, `title`, `keywords`, `description`, `alt`, `recommend`, `top`, `ctime`, `mtime`, `target`, `display`, `link`, `notice`, `static`, `lang`, `file`, `size`, `text`, `content`, `icon`, `image`, `container`) VALUE ('57', '标准套餐', '0', '85', '', '', '', '大幅度', '', '0', '0', '1638260424', '1640412204', '0', '1', '', '4', '', '1', '..//upload/photo/202112/011123136.jpg', '174', '大幅度1', '<p>大幅度1</p>', '', '', '') ;
INSERT INTO `bosscms_download` (`id`, `name`, `sort`, `items`, `theme`, `title`, `keywords`, `description`, `alt`, `recommend`, `top`, `ctime`, `mtime`, `target`, `display`, `link`, `notice`, `static`, `lang`, `file`, `size`, `text`, `content`, `icon`, `image`, `container`) VALUE ('58', '测试222', '0', '67', '', '', '', '', '', '0', '0', '1638607364', '1640412303', '0', '1', '', '12', '', '1', '..//upload/photo/202112/011123136.jpg', '187900', '', '', '', '', '') ;
INSERT INTO `bosscms_download` (`id`, `name`, `sort`, `items`, `theme`, `title`, `keywords`, `description`, `alt`, `recommend`, `top`, `ctime`, `mtime`, `target`, `display`, `link`, `notice`, `static`, `lang`, `file`, `size`, `text`, `content`, `icon`, `image`, `container`) VALUE ('59', '房地产开发招标启示计划书规范', '0', '85', '', '', '', '大幅度', '', '0', '0', '1638607364', '1640412216', '0', '1', '', '93', '', '1', '..//upload/photo/202112/011123136.jpg', '174', '房地产开发招标启示计划书规范房地产开发招标启示计划书规范房地产开发招标启示计划书规范房地产开发招标启示计划书规范房地产开发招标启示计划书规范', '<p>房地产开发招标启示计划书规范房地产开发招标启示计划书规范房地产开发招标启示计划书规范</p><p><br/></p><p>房地产开发招标启示计划书规范房地产开发招标启示计划书规范房地产开发招标启示计划书规范房地产开发招标启示计划书规范房地产开发招标启示计划书规范房地产开发招标启示计划书规范房地产开发招标启示计划书规范房地产开发招标启示计划书规范</p><p><br/></p><p>房地产开发招标启示计划书规范房地产开发招标启示计划书规范</p><p><br/></p><p>房地产开发招标启示计划书规范房地产开发招标启示计划书规范房地产开发招标启示计划书规范房地产开发招标启示计划书规范房地产开发招标启示计划书规范房地产开发招标启示计划书规范房地产开发招标启示计划书规范房地产开发招标启示计划书规范房地产开发招标启示计划书规范</p><p><br/></p><p>房地产开发招标启示计划书规范</p>', '', '', '') ;



INSERT INTO `bosscms_items` (`id`, `name`, `type`, `theme`, `themes`, `folder`, `head`, `foot`, `issub`, `target`, `sort`, `parent`, `level`, `display`, `title`, `keywords`, `description`, `alt`, `link`, `static`, `lang`, `icon`, `text`, `image`, `content`, `icon1`, `text1`, `text2`, `text3`, `image1`, `image2`, `image3`, `images`, `container`) VALUE ('16', '产品中心', '3', 'product.html', 'product_detail.html', 'product', '1', '1', '0', '0', '11', '0', '1', '1', '精美模板1111', '', '', '', '', '', '1', '', '', '', '', '', '', '', '', '', '', '', '', '') ;
INSERT INTO `bosscms_items` (`id`, `name`, `type`, `theme`, `themes`, `folder`, `head`, `foot`, `issub`, `target`, `sort`, `parent`, `level`, `display`, `title`, `keywords`, `description`, `alt`, `link`, `static`, `lang`, `icon`, `text`, `image`, `content`, `icon1`, `text1`, `text2`, `text3`, `image1`, `image2`, `image3`, `images`, `container`) VALUE ('17', '新闻资讯', '2', 'news.html', 'news_detail.html', 'news', '1', '1', '0', '0', '10', '0', '1', '1', '', '', '', '', '', '', '1', '', '', '', '', '', '', '', '', '', '', '', '', '') ;
INSERT INTO `bosscms_items` (`id`, `name`, `type`, `theme`, `themes`, `folder`, `head`, `foot`, `issub`, `target`, `sort`, `parent`, `level`, `display`, `title`, `keywords`, `description`, `alt`, `link`, `static`, `lang`, `icon`, `text`, `image`, `content`, `icon1`, `text1`, `text2`, `text3`, `image1`, `image2`, `image3`, `images`, `container`) VALUE ('18', '公司新闻', '2', 'news.html', 'news_detail.html', 'news', '0', '0', '0', '0', '0', '17', '2', '1', '', '', '', '', '', '', '1', '', '', '', '', '', '', '', '', '', '', '', '', '') ;
INSERT INTO `bosscms_items` (`id`, `name`, `type`, `theme`, `themes`, `folder`, `head`, `foot`, `issub`, `target`, `sort`, `parent`, `level`, `display`, `title`, `keywords`, `description`, `alt`, `link`, `static`, `lang`, `icon`, `text`, `image`, `content`, `icon1`, `text1`, `text2`, `text3`, `image1`, `image2`, `image3`, `images`, `container`) VALUE ('19', '行业资讯', '2', 'news.html', 'news_detail.html', 'news1', '0', '0', '0', '0', '0', '17', '2', '1', '', '', '', '', '', '', '1', '', '', '', '', '', '', '', '', '', '', '', '', '') ;
INSERT INTO `bosscms_items` (`id`, `name`, `type`, `theme`, `themes`, `folder`, `head`, `foot`, `issub`, `target`, `sort`, `parent`, `level`, `display`, `title`, `keywords`, `description`, `alt`, `link`, `static`, `lang`, `icon`, `text`, `image`, `content`, `icon1`, `text1`, `text2`, `text3`, `image1`, `image2`, `image3`, `images`, `container`) VALUE ('20', '展会信息', '2', 'news.html', 'news_detail.html', 'news2', '0', '0', '0', '0', '0', '17', '2', '1', '', '', '', '', '', '', '1', '', '', '', '', '', '', '', '', '', '', '', '', '') ;
INSERT INTO `bosscms_items` (`id`, `name`, `type`, `theme`, `themes`, `folder`, `head`, `foot`, `issub`, `target`, `sort`, `parent`, `level`, `display`, `title`, `keywords`, `description`, `alt`, `link`, `static`, `lang`, `icon`, `text`, `image`, `content`, `icon1`, `text1`, `text2`, `text3`, `image1`, `image2`, `image3`, `images`, `container`) VALUE ('48', '公司简介', '1', 'about.html', '', 'about', '1', '0', '1', '0', '12', '0', '1', '1', '', '', '', '', '', '', '1', '', '', '', '', '', '', '', '', '', '', '', '', '') ;
INSERT INTO `bosscms_items` (`id`, `name`, `type`, `theme`, `themes`, `folder`, `head`, `foot`, `issub`, `target`, `sort`, `parent`, `level`, `display`, `title`, `keywords`, `description`, `alt`, `link`, `static`, `lang`, `icon`, `text`, `image`, `content`, `icon1`, `text1`, `text2`, `text3`, `image1`, `image2`, `image3`, `images`, `container`) VALUE ('51', '关于我们', '1', 'about.html', '', 'about', '0', '1', '0', '0', '0', '48', '2', '1', '', '', '', '', '', '', '1', '', '', '', '<p style=\"text-align: left; text-indent: 2em;\"><span style=\"font-size: 16px;\">&nbsp;&nbsp;&nbsp;&nbsp;BOSSCMS是一款基于自主研发PHP框架+MySQL架构的内容管理系统，能够满足各类网站开发建设的需求。系统开源、安全、稳定、简洁、易开发、专注为中小型企业及政企单位、个人站长、广大开发者、建站公司提供一套简单好用的网站内容管理系统解决方案。官网提供了大量的网站模板，可以让您不需要任何的专业技术就能轻松搭建您的网站，易操作、易上手、快捷方便的后台操作让您10分钟就会建立自己的网站。</span></p><p style=\"text-align: left; text-indent: 2em;\"><span style=\"font-size: 16px;\">&nbsp;&nbsp;&nbsp;&nbsp;BOSSCMS操作简单、功能完善、安全稳定、支持多语言、支持可视化编辑、文件存储(本地或外部存储)、自定义页面URL、内置SEO搜索引擎优化机制、广告违禁词、城市分站等功能。让新手能够快速搭建一个符合流量站的网站。</span></p><p style=\"text-align: left; text-indent: 2em;\"><span style=\"color: #FF0000;\"><strong><span style=\"font-size: 16px;\">技术交流群①群123456&nbsp;</span></strong></span></p><p style=\"text-align: left; text-indent: 2em;\"><span style=\"color: #FF0000;\"><strong><span style=\"font-size: 16px;\">技术交流群②群 123456</span></strong></span></p><p style=\"text-align: left; text-indent: 2em;\"><span style=\"font-size: 16px; color: #FF0000;\">【建议有问题到QQ群求助，面对求助信息，求助必回】</span></p><p style=\"text-align: left; text-indent: 2em;\"><span style=\"font-size: 16px; color: #FF0000;\"></span></p><p><span style=\";font-family:宋体;font-size:14px\"><span style=\"font-family:宋体\">&nbsp;&nbsp;</span><span style=\"font-family: 宋体; font-size: 16px; color: #FF0000;\">严禁使用<span style=\"font-size: 16px; font-family: Calibri;\">BOSSCMS</span>建站系统从事任何的非法活动。</span></span></p><p style=\"text-align: left; text-indent: 2em;\"><strong><span style=\"font-size: 16px; color: #000000;\">源码托管地址</span></strong></p><p style=\"text-align: left; text-indent: 2em;\"><strong><span style=\"font-size: 16px;\">获取源码 </span></strong><a href=\"https://gitee.com/Greenpeas/BOSSCMS\" _src=\"https://gitee.com/Greenpeas/BOSSCMS\" style=\"font-size: 16px;\"><strong><span style=\"font-size: 16px;\">https://gitee.com/Greenpeas/BOSSCMS</span></strong></a></p><p style=\"text-align: left; text-indent: 2em;\"><strong><span style=\"font-size: 16px;\">系统特点</span></strong></p><p style=\"text-align: left; text-indent: 2em;\"><span style=\"font-size: 16px;\">1、自主研发</span></p><p style=\"text-align: left; text-indent: 2em;\"><span style=\"font-size: 16px;\">BOSSCMS系统基于自主研发的PHP框架开发，不依赖于任何框架，完全拥有自主知识产权，不是任性而是业精于勤。</span></p><p style=\"text-align: left; text-indent: 2em;\"><span style=\"font-size: 16px;\">2、简洁有效</span></p><p style=\"text-align: left; text-indent: 2em;\"><span style=\"font-size: 16px;\">BOSSCMS系统源码简洁、无冗余代码，保证了系统运行速度，提升了服务器加载速度和满足蜘蛛爬行。</span></p><p style=\"text-align: left; text-indent: 2em;\"><span style=\"font-size: 16px;\">3、支持多语言</span></p><p style=\"text-align: left; text-indent: 2em;\"><span style=\"font-size: 16px;\">BOSSCMS支持自定义多语言，可轻松添中文、英文、日文、韩文或其他各种语言。</span></p><p style=\"text-align: left; text-indent: 2em;\"><span style=\"font-size: 16px;\">4、后台易操作</span></p><p style=\"text-align: left; text-indent: 2em;\"><span style=\"font-size: 16px;\">BOSSCMS系统后台使用简单易用，你可以用它10分钟搭建一个你需要的网站。</span></p><p style=\"text-align: left; text-indent: 2em;\"><span style=\"font-size: 16px;\">5、开发灵活</span></p><p style=\"text-align: left; text-indent: 2em;\"><span style=\"font-size: 16px;\">BOSSCMS系统采用MVC模块式开发，增加了系统的维护性、可扩展性，使二次开发变得简单、容易。</span></p><p style=\"text-align: left; text-indent: 2em;\"><span style=\"font-size: 16px;\">6、可视化编辑</span></p><p style=\"text-align: left; text-indent: 2em;\"><span style=\"font-size: 16px;\">BOSSCMS系统支持可视化编辑功能，管理员可以在可视化编辑中管理网站的栏目和内容。</span></p><p style=\"text-align: left; text-indent: 2em;\"><span style=\"font-size: 16px;\">7、SEO优化</span></p><p style=\"text-align: left; text-indent: 2em;\"><span style=\"font-size: 16px;\">BOSSCMS系统内置SEO搜索引擎优化机制、广告违禁词、城市分站等功能，对SEO非常友好。</span></p><p style=\"text-align: left; text-indent: 2em;\"><span style=\"font-size: 16px;\">8、模版丰富</span></p><p style=\"text-align: left; text-indent: 2em;\"><span style=\"font-size: 16px;\">BOSSCMS系统会陆续提供大量的网站模版，涵盖各行各业，任用户自由选择。</span></p><p style=\"text-align: left; text-indent: 2em;\"><span style=\"font-size: 16px;\">9、100%开源</span></p><p style=\"text-align: left; text-indent: 2em;\"><span style=\"font-size: 16px;\">BOSSCMS系统是100%开源的PHP程序，保证了软件源代码完全支持私有化部署。</span></p>', '', '', '', '', '', '', '', '', '') ;
INSERT INTO `bosscms_items` (`id`, `name`, `type`, `theme`, `themes`, `folder`, `head`, `foot`, `issub`, `target`, `sort`, `parent`, `level`, `display`, `title`, `keywords`, `description`, `alt`, `link`, `static`, `lang`, `icon`, `text`, `image`, `content`, `icon1`, `text1`, `text2`, `text3`, `image1`, `image2`, `image3`, `images`, `container`) VALUE ('52', '公司文化', '1', 'about.html', '', 'about', '0', '0', '0', '0', '0', '48', '2', '1', '', '', '', '', '', '', '1', '', '', '', '<p style=\"white-space: normal; text-indent: 2em;\"><span style=\"font-size: 16px;\"></span></p><p><img src=\"..//upload/photo/202112/081102195.jpg\"/></p><p style=\"white-space: normal; text-indent: 2em;\"><span style=\"font-size: 16px;\">1、自主研发</span></p><p style=\"white-space: normal; text-indent: 2em;\"><span style=\"font-size: 16px;\">BOSSCMS系统基于自主研发的PHP框架开发，不依赖于任何框架，完全拥有自主知识产权，不是任性而是业精于勤。</span></p><p style=\"white-space: normal; text-indent: 2em;\"><span style=\"font-size: 16px;\">2、简洁有效</span></p><p style=\"white-space: normal; text-indent: 2em;\"><span style=\"font-size: 16px;\">BOSSCMS系统源码简洁、无冗余代码，保证了系统运行速度，提升了服务器加载速度和满足蜘蛛爬行。</span></p><p style=\"white-space: normal; text-indent: 2em;\"><span style=\"font-size: 16px;\">3、支持多语言</span></p><p style=\"white-space: normal; text-indent: 2em;\"><span style=\"font-size: 16px;\">BOSSCMS支持自定义多语言，可轻松添中文、英文、日文、韩文或其他各种语言。</span></p><p style=\"white-space: normal; text-indent: 2em;\"><span style=\"font-size: 16px;\">4、后台易操作</span></p><p style=\"white-space: normal; text-indent: 2em;\"><span style=\"font-size: 16px;\">BOSSCMS系统后台使用简单易用，你可以用它10分钟搭建一个你需要的网站。</span></p><p style=\"white-space: normal; text-indent: 2em;\"><span style=\"font-size: 16px;\">5、开发灵活</span></p><p style=\"white-space: normal; text-indent: 2em;\"><span style=\"font-size: 16px;\">BOSSCMS系统采用MVC模块式开发，增加了系统的维护性、可扩展性，使二次开发变得简单、容易。</span></p><p style=\"white-space: normal; text-indent: 2em;\"><span style=\"font-size: 16px;\">6、可视化编辑</span></p><p style=\"white-space: normal; text-indent: 2em;\"><span style=\"font-size: 16px;\">BOSSCMS系统支持可视化编辑功能，管理员可以在可视化编辑中管理网站的栏目和内容。</span></p><p style=\"white-space: normal; text-indent: 2em;\"><span style=\"font-size: 16px;\">7、SEO优化</span></p><p style=\"white-space: normal; text-indent: 2em;\"><span style=\"font-size: 16px;\">BOSSCMS系统内置SEO搜索引擎优化机制、广告违禁词、城市分站等功能，对SEO非常友好。</span></p><p style=\"white-space: normal; text-indent: 2em;\"><span style=\"font-size: 16px;\">8、模版丰富</span></p><p style=\"white-space: normal; text-indent: 2em;\"><span style=\"font-size: 16px;\">BOSSCMS系统会陆续提供大量的网站模版，涵盖各行各业，任用户自由选择。</span></p><p style=\"white-space: normal; text-indent: 2em;\"><span style=\"font-size: 16px;\">9、100%开源</span></p><p style=\"white-space: normal; text-indent: 2em;\"><span style=\"font-size: 16px;\">BOSSCMS系统是100%开源的PHP程序，保证了软件源代码完全支持私有化部署。</span></p><p><br/></p>', '', '', '', '', '', '', '', '', '') ;
INSERT INTO `bosscms_items` (`id`, `name`, `type`, `theme`, `themes`, `folder`, `head`, `foot`, `issub`, `target`, `sort`, `parent`, `level`, `display`, `title`, `keywords`, `description`, `alt`, `link`, `static`, `lang`, `icon`, `text`, `image`, `content`, `icon1`, `text1`, `text2`, `text3`, `image1`, `image2`, `image3`, `images`, `container`) VALUE ('54', '联系我们', '1', 'about.html', '', 'about', '1', '1', '0', '0', '0', '48', '2', '1', '', '', '', '', '', '', '1', '', '', '', '<p style=\"text-indent: 2em;\"><strong><span style=\"font-size: 16px;\">官方网站：<a href=\"https://www.bosscms.net/\" target=\"_blank\" button=\"none\" title=\"BOSSCMS\">https://www.bosscms.net/</a></span></strong></p><p style=\"text-indent: 2em;\"><strong><span style=\"font-size: 16px; color: #FF0000;\">技术交流群①群123456&nbsp;</span></strong></p><p><br/></p><p style=\"text-indent: 2em;\"><strong><span style=\"font-size: 16px; color: #FF0000;\">技术交流群②群 123456</span></strong></p><p><br/></p><p style=\"text-indent: 2em;\"><strong><span style=\"font-size: 16px; color: #0070C0;\">如果你是模板开发者和应用开发者，对我们BOSSCMS很感兴趣，我们期待你的参与。</span></strong></p><p style=\"text-indent: 2em;\"><strong><span style=\"font-size: 16px; color: #0070C0;\">如果您认可BOSSCMS，期待您把BOSSCMS系统推荐给你的朋友，帮我们做做宣传，也是对我们的帮助哟！</span></strong></p><p style=\"text-indent: 2em;\"><span style=\"font-family: 宋体, SimSun; font-size: 16px;\">BOSSCMS是一款基于自主研发PHP框架+MySQL架构的内容管理系统，能够满足各类网站开发建设的需求。系统开源、安全、稳定、简洁、易开发、专注为中小型企业及政企单位、个人站长、广大开发者、建站公司提供一套简单好用的网站内容管理系统解决方案。官网提供了大量的网站模板，可以让您不需要任何的专业技术就能轻松搭建您的网站，易操作、易上手、快捷方便的后台操作让您10分钟就会建立自己的网站。重要说明：严禁使用BOSSCMS建站系统从事任何的非法活动。</span></p>', '', '', '', '', '', '', '', '', '') ;
INSERT INTO `bosscms_items` (`id`, `name`, `type`, `theme`, `themes`, `folder`, `head`, `foot`, `issub`, `target`, `sort`, `parent`, `level`, `display`, `title`, `keywords`, `description`, `alt`, `link`, `static`, `lang`, `icon`, `text`, `image`, `content`, `icon1`, `text1`, `text2`, `text3`, `image1`, `image2`, `image3`, `images`, `container`) VALUE ('58', '在线留言', '6', 'feedback.html', '', 'feedback', '1', '1', '0', '0', '0', '48', '2', '1', '', '', '', '', '', '', '1', '', '', '', '', '', '', '', '', '', '', '', '', '') ;
INSERT INTO `bosscms_items` (`id`, `name`, `type`, `theme`, `themes`, `folder`, `head`, `foot`, `issub`, `target`, `sort`, `parent`, `level`, `display`, `title`, `keywords`, `description`, `alt`, `link`, `static`, `lang`, `icon`, `text`, `image`, `content`, `icon1`, `text1`, `text2`, `text3`, `image1`, `image2`, `image3`, `images`, `container`) VALUE ('61', '搜索', '7', 'search.html', '', 'search', '0', '0', '0', '0', '0', '0', '1', '1', '', '', '', '', '', '', '1', '', '', '', '', '', '', '', '', '', '', '', '', '') ;
INSERT INTO `bosscms_items` (`id`, `name`, `type`, `theme`, `themes`, `folder`, `head`, `foot`, `issub`, `target`, `sort`, `parent`, `level`, `display`, `title`, `keywords`, `description`, `alt`, `link`, `static`, `lang`, `icon`, `text`, `image`, `content`, `icon1`, `text1`, `text2`, `text3`, `image1`, `image2`, `image3`, `images`, `container`) VALUE ('63', '工程案例', '4', 'image.html', '', 'image', '1', '1', '0', '0', '9', '0', '1', '1', '', '', '', '', '', '', '1', '', '', '', '', '', '', '', '', '', '', '', '', '') ;
INSERT INTO `bosscms_items` (`id`, `name`, `type`, `theme`, `themes`, `folder`, `head`, `foot`, `issub`, `target`, `sort`, `parent`, `level`, `display`, `title`, `keywords`, `description`, `alt`, `link`, `static`, `lang`, `icon`, `text`, `image`, `content`, `icon1`, `text1`, `text2`, `text3`, `image1`, `image2`, `image3`, `images`, `container`) VALUE ('64', '下载测试', '5', 'download.html', '', 'download', '1', '0', '0', '0', '8', '0', '1', '1', '', '', '', '', '', '', '1', '', '', '', '', '', '', '', '', '', '', '', '', '') ;
INSERT INTO `bosscms_items` (`id`, `name`, `type`, `theme`, `themes`, `folder`, `head`, `foot`, `issub`, `target`, `sort`, `parent`, `level`, `display`, `title`, `keywords`, `description`, `alt`, `link`, `static`, `lang`, `icon`, `text`, `image`, `content`, `icon1`, `text1`, `text2`, `text3`, `image1`, `image2`, `image3`, `images`, `container`) VALUE ('65', '互联网推广', '4', 'image.html', '', 'image', '0', '0', '0', '0', '0', '63', '2', '1', '', '', '', '', '', '', '1', '', '', '', '', '', '', '', '', '', '', '', '', '') ;
INSERT INTO `bosscms_items` (`id`, `name`, `type`, `theme`, `themes`, `folder`, `head`, `foot`, `issub`, `target`, `sort`, `parent`, `level`, `display`, `title`, `keywords`, `description`, `alt`, `link`, `static`, `lang`, `icon`, `text`, `image`, `content`, `icon1`, `text1`, `text2`, `text3`, `image1`, `image2`, `image3`, `images`, `container`) VALUE ('66', '品牌网站建设', '4', 'image.html', '', 'image', '0', '0', '0', '0', '0', '63', '2', '1', '', '', '', '', '', '', '1', '', '', '', '', '', '', '', '', '', '', '', '', '') ;
INSERT INTO `bosscms_items` (`id`, `name`, `type`, `theme`, `themes`, `folder`, `head`, `foot`, `issub`, `target`, `sort`, `parent`, `level`, `display`, `title`, `keywords`, `description`, `alt`, `link`, `static`, `lang`, `icon`, `text`, `image`, `content`, `icon1`, `text1`, `text2`, `text3`, `image1`, `image2`, `image3`, `images`, `container`) VALUE ('67', '文档下载', '5', 'download.html', 'download_detail.html', 'download', '0', '0', '0', '0', '0', '64', '2', '1', '', '', '', '', '', '', '1', '', '', '', '', '', '', '', '', '', '', '', '', '') ;
INSERT INTO `bosscms_items` (`id`, `name`, `type`, `theme`, `themes`, `folder`, `head`, `foot`, `issub`, `target`, `sort`, `parent`, `level`, `display`, `title`, `keywords`, `description`, `alt`, `link`, `static`, `lang`, `icon`, `text`, `image`, `content`, `icon1`, `text1`, `text2`, `text3`, `image1`, `image2`, `image3`, `images`, `container`) VALUE ('83', '小程序开发', '4', 'image.html', '', 'image', '0', '0', '0', '0', '0', '63', '2', '1', '', '', '', '', '', '', '1', '', '', '', '', '', '', '', '', '', '', '', '', '') ;
INSERT INTO `bosscms_items` (`id`, `name`, `type`, `theme`, `themes`, `folder`, `head`, `foot`, `issub`, `target`, `sort`, `parent`, `level`, `display`, `title`, `keywords`, `description`, `alt`, `link`, `static`, `lang`, `icon`, `text`, `image`, `content`, `icon1`, `text1`, `text2`, `text3`, `image1`, `image2`, `image3`, `images`, `container`) VALUE ('84', '新媒体运营', '4', 'image.html', '', 'image', '0', '0', '0', '0', '0', '63', '2', '1', '', '', '', '', '', '', '1', '', '', '', '', '', '', '', '', '', '', '', '', '') ;
INSERT INTO `bosscms_items` (`id`, `name`, `type`, `theme`, `themes`, `folder`, `head`, `foot`, `issub`, `target`, `sort`, `parent`, `level`, `display`, `title`, `keywords`, `description`, `alt`, `link`, `static`, `lang`, `icon`, `text`, `image`, `content`, `icon1`, `text1`, `text2`, `text3`, `image1`, `image2`, `image3`, `images`, `container`) VALUE ('85', '资料下载', '5', 'download.html', 'download_detail.html', 'download', '0', '0', '0', '0', '0', '64', '2', '1', '', '', '', '', '', '', '1', '', '', '', '', '', '', '', '', '', '', '', '', '') ;
INSERT INTO `bosscms_items` (`id`, `name`, `type`, `theme`, `themes`, `folder`, `head`, `foot`, `issub`, `target`, `sort`, `parent`, `level`, `display`, `title`, `keywords`, `description`, `alt`, `link`, `static`, `lang`, `icon`, `text`, `image`, `content`, `icon1`, `text1`, `text2`, `text3`, `image1`, `image2`, `image3`, `images`, `container`) VALUE ('86', '手机配件', '3', 'product.html', '', 'product', '0', '0', '0', '0', '0', '16', '2', '1', '', '', '', '', '', '', '1', '', '', '', '', '', '', '', '', '', '', '', '', '') ;
INSERT INTO `bosscms_items` (`id`, `name`, `type`, `theme`, `themes`, `folder`, `head`, `foot`, `issub`, `target`, `sort`, `parent`, `level`, `display`, `title`, `keywords`, `description`, `alt`, `link`, `static`, `lang`, `icon`, `text`, `image`, `content`, `icon1`, `text1`, `text2`, `text3`, `image1`, `image2`, `image3`, `images`, `container`) VALUE ('87', '智能设备', '3', 'product.html', '', 'product', '0', '0', '0', '0', '0', '16', '2', '1', '', '', '', '', '', '', '1', '', '', '', '', '', '', '', '', '', '', '', '', '') ;
INSERT INTO `bosscms_items` (`id`, `name`, `type`, `theme`, `themes`, `folder`, `head`, `foot`, `issub`, `target`, `sort`, `parent`, `level`, `display`, `title`, `keywords`, `description`, `alt`, `link`, `static`, `lang`, `icon`, `text`, `image`, `content`, `icon1`, `text1`, `text2`, `text3`, `image1`, `image2`, `image3`, `images`, `container`) VALUE ('88', '影音娱乐', '3', 'product.html', '', 'product', '0', '0', '0', '0', '0', '16', '2', '1', '', '', '', '', '', '', '1', '', '', '', '', '', '', '', '', '', '', '', '', '') ;
INSERT INTO `bosscms_items` (`id`, `name`, `type`, `theme`, `themes`, `folder`, `head`, `foot`, `issub`, `target`, `sort`, `parent`, `level`, `display`, `title`, `keywords`, `description`, `alt`, `link`, `static`, `lang`, `icon`, `text`, `image`, `content`, `icon1`, `text1`, `text2`, `text3`, `image1`, `image2`, `image3`, `images`, `container`) VALUE ('89', '电子教育', '3', 'product.html', '', 'product', '0', '0', '0', '0', '0', '16', '2', '1', '', '', '', '', '', '', '1', '', '', '', '', '', '', '', '', '', '', '', '', '') ;
INSERT INTO `bosscms_items` (`id`, `name`, `type`, `theme`, `themes`, `folder`, `head`, `foot`, `issub`, `target`, `sort`, `parent`, `level`, `display`, `title`, `keywords`, `description`, `alt`, `link`, `static`, `lang`, `icon`, `text`, `image`, `content`, `icon1`, `text1`, `text2`, `text3`, `image1`, `image2`, `image3`, `images`, `container`) VALUE ('90', '充电器', '3', 'product.html', 'product_detail.html', 'product', '0', '0', '0', '0', '0', '86', '3', '1', '', '', '', '', '', '', '1', '', '', '', '', '', '', '', '', '', '', '', '', '') ;
INSERT INTO `bosscms_items` (`id`, `name`, `type`, `theme`, `themes`, `folder`, `head`, `foot`, `issub`, `target`, `sort`, `parent`, `level`, `display`, `title`, `keywords`, `description`, `alt`, `link`, `static`, `lang`, `icon`, `text`, `image`, `content`, `icon1`, `text1`, `text2`, `text3`, `image1`, `image2`, `image3`, `images`, `container`) VALUE ('91', '移动电源', '3', 'product.html', '', 'product', '0', '0', '0', '0', '0', '86', '3', '1', '', '', '', '', '', '', '1', '', '', '', '', '', '', '', '', '', '', '', '', '') ;
INSERT INTO `bosscms_items` (`id`, `name`, `type`, `theme`, `themes`, `folder`, `head`, `foot`, `issub`, `target`, `sort`, `parent`, `level`, `display`, `title`, `keywords`, `description`, `alt`, `link`, `static`, `lang`, `icon`, `text`, `image`, `content`, `icon1`, `text1`, `text2`, `text3`, `image1`, `image2`, `image3`, `images`, `container`) VALUE ('96', 'TAG聚合页', '10', 'tags.html', '', 'tags', '0', '1', '0', '0', '0', '0', '1', '1', '', '', '', '', '', '', '1', '', '', '', '', '', '', '', '', '', '', '', '', '') ;



INSERT INTO `bosscms_link` (`id`, `name`, `items`, `type`, `image`, `link`, `nofollow`, `display`, `target`, `sort`, `lang`) VALUE ('1', '互引信息', '[\"88888\"]', '0', '', 'https://www.bosscms.net/', '0', '1', '1', '0', '1') ;
INSERT INTO `bosscms_link` (`id`, `name`, `items`, `type`, `image`, `link`, `nofollow`, `display`, `target`, `sort`, `lang`) VALUE ('2', 'BOSSCMS', '[\"88888\"]', '0', '', 'https://www.bosscms.net/', '0', '1', '1', '0', '1') ;
INSERT INTO `bosscms_link` (`id`, `name`, `items`, `type`, `image`, `link`, `nofollow`, `display`, `target`, `sort`, `lang`) VALUE ('3', '内容管理系统', '[\"88888\"]', '0', '', 'https://www.bosscms.net/', '0', '1', '1', '0', '1') ;



INSERT INTO `bosscms_tag` (`id`, `type`, `title`, `name`, `parent`, `seo_title`, `keywords`, `description`, `lang`) VALUE ('29', '2', '内容管理', 'neirong', '47,48,46,40,39,56,57,58,59', '', '', '', '1') ;
INSERT INTO `bosscms_tag` (`id`, `type`, `title`, `name`, `parent`, `seo_title`, `keywords`, `description`, `lang`) VALUE ('36', '3', 'VR', '', '64,60', '', '', '', '1') ;
INSERT INTO `bosscms_tag` (`id`, `type`, `title`, `name`, `parent`, `seo_title`, `keywords`, `description`, `lang`) VALUE ('8', '4', '案例图片组', 'anlituzu', '57,60', '', '', '', '1') ;
INSERT INTO `bosscms_tag` (`id`, `type`, `title`, `name`, `parent`, `seo_title`, `keywords`, `description`, `lang`) VALUE ('35', '3', '投影仪', '', '64,60,63', '', '', '', '1') ;
INSERT INTO `bosscms_tag` (`id`, `type`, `title`, `name`, `parent`, `seo_title`, `keywords`, `description`, `lang`) VALUE ('28', '2', '建站系统', 'jianzhanxitong', '47,49,40,38,37,39,59', '', '', '', '1') ;
INSERT INTO `bosscms_tag` (`id`, `type`, `title`, `name`, `parent`, `seo_title`, `keywords`, `description`, `lang`) VALUE ('32', '3', '耳机', '', '65,62', '', '', '', '1') ;
INSERT INTO `bosscms_tag` (`id`, `type`, `title`, `name`, `parent`, `seo_title`, `keywords`, `description`, `lang`) VALUE ('33', '3', '电源', '', '61,66', '', '', '', '1') ;
INSERT INTO `bosscms_tag` (`id`, `type`, `title`, `name`, `parent`, `seo_title`, `keywords`, `description`, `lang`) VALUE ('34', '3', '教育', '', '36,61,66', '', '', '', '1') ;
INSERT INTO `bosscms_tag` (`id`, `type`, `title`, `name`, `parent`, `seo_title`, `keywords`, `description`, `lang`) VALUE ('24', '4', '图片组', '', '58,60', '', '', '', '1') ;
INSERT INTO `bosscms_tag` (`id`, `type`, `title`, `name`, `parent`, `seo_title`, `keywords`, `description`, `lang`) VALUE ('25', '5', '下载组', '', '5857,59,58', '', '', '', '1') ;
INSERT INTO `bosscms_tag` (`id`, `type`, `title`, `name`, `parent`, `seo_title`, `keywords`, `description`, `lang`) VALUE ('27', '2', 'CMS系统', '', '47,48,49,46,40,38,57,58,59', '', '', '', '1') ;
INSERT INTO `bosscms_tag` (`id`, `type`, `title`, `name`, `parent`, `seo_title`, `keywords`, `description`, `lang`) VALUE ('26', '2', 'CMS', '', '47,38,58,59', '', '', '', '1') ;
INSERT INTO `bosscms_tag` (`id`, `type`, `title`, `name`, `parent`, `seo_title`, `keywords`, `description`, `lang`) VALUE ('30', '2', 'PHP框架', '', '47,48,49,46,37,39,56,57,58,59', '', '', '', '1') ;
INSERT INTO `bosscms_tag` (`id`, `type`, `title`, `name`, `parent`, `seo_title`, `keywords`, `description`, `lang`) VALUE ('31', '2', '网站开发', '', '47,49,37,39,56,59', '', '', '', '1') ;
INSERT INTO `bosscms_tag` (`id`, `type`, `title`, `name`, `parent`, `seo_title`, `keywords`, `description`, `lang`) VALUE ('37', '3', '耳机定制', '', '65,62', '', '', '', '1') ;
INSERT INTO `bosscms_tag` (`id`, `type`, `title`, `name`, `parent`, `seo_title`, `keywords`, `description`, `lang`) VALUE ('38', '3', '眼镜', '', '64,60', '', '', '', '1') ;
INSERT INTO `bosscms_tag` (`id`, `type`, `title`, `name`, `parent`, `seo_title`, `keywords`, `description`, `lang`) VALUE ('39', '3', '音响', '', '36', '', '', '', '1') ;



INSERT INTO `bosscms_theme` (`id`, `extent`, `parent`, `core`, `name`, `value`, `lang`) VALUE ('1', '0', '0', 'head', 'search_items', '61', '1') ;
INSERT INTO `bosscms_theme` (`id`, `extent`, `parent`, `core`, `name`, `value`, `lang`) VALUE ('5', '0', '0', 'foot', 'back_color', 'rgb(30,40,50)', '1') ;
INSERT INTO `bosscms_theme` (`id`, `extent`, `parent`, `core`, `name`, `value`, `lang`) VALUE ('6', '0', '0', 'product', 'items', '16', '1') ;
INSERT INTO `bosscms_theme` (`id`, `extent`, `parent`, `core`, `name`, `value`, `lang`) VALUE ('7', '0', '0', 'product', 'title', '产品展示', '1') ;
INSERT INTO `bosscms_theme` (`id`, `extent`, `parent`, `core`, `name`, `value`, `lang`) VALUE ('9', '0', '0', 'introduce', 'content', '<h2>本站 由BOSSCMS建站系统搭建</h2><p><br/></p><p><span style=\"font-size: 16px;\">BOSSCMS是一款基于自主研发PHP框架+MySQL架构的内容管理系统，能够满足各类网站开发建设的需求。系统开源、安全、稳定、简洁、易开发、专注为中小型企业及政企单位、个人站长、广大开发者、建站公司提供一套简单好用的网站内容管理系统解决方案。官网提供了大量的网站模板，可以让您不需要任何的专业技术就能轻松搭建您的网站，易操作、易上手、快捷方便的后台操作让您10分钟就会建立自己的网站。</span></p><p><br/></p><p><span style=\"font-size: 16px;\">BOSSCMS操作简单、功能完善、安全稳定、支持多语言、支持可视化编辑、文件存储(本地或外部存储)、自定义页面URL、内置SEO搜索引擎优化机制、广告违禁词、城市分站等功能。让新手能够快速搭建一个符合流量站的网站。</span></p>', '1') ;
INSERT INTO `bosscms_theme` (`id`, `extent`, `parent`, `core`, `name`, `value`, `lang`) VALUE ('10', '0', '0', 'introduce', 'back_color', 'rgb(247,248,249)', '1') ;
INSERT INTO `bosscms_theme` (`id`, `extent`, `parent`, `core`, `name`, `value`, `lang`) VALUE ('11', '0', '0', 'news', 'items', '17', '1') ;
INSERT INTO `bosscms_theme` (`id`, `extent`, `parent`, `core`, `name`, `value`, `lang`) VALUE ('12', '0', '0', 'news', 'title', '新闻资讯', '1') ;
INSERT INTO `bosscms_theme` (`id`, `extent`, `parent`, `core`, `name`, `value`, `lang`) VALUE ('14', '0', '0', 'subnav', 'back_color', 'rgb(244,246,248)', '1') ;
INSERT INTO `bosscms_theme` (`id`, `extent`, `parent`, `core`, `name`, `value`, `lang`) VALUE ('20', '5', '59', '', 'params,58', 'jpg格式', '1') ;
INSERT INTO `bosscms_theme` (`id`, `extent`, `parent`, `core`, `name`, `value`, `lang`) VALUE ('21', '5', '59', '', 'params,59', '未加密', '1') ;
INSERT INTO `bosscms_theme` (`id`, `extent`, `parent`, `core`, `name`, `value`, `lang`) VALUE ('22', '5', '59', '', 'params,60', '图片格式', '1') ;
INSERT INTO `bosscms_theme` (`id`, `extent`, `parent`, `core`, `name`, `value`, `lang`) VALUE ('27', '4', '56', '', 'params,48', '网络图片', '1') ;
INSERT INTO `bosscms_theme` (`id`, `extent`, `parent`, `core`, `name`, `value`, `lang`) VALUE ('28', '4', '56', '', 'params,49', '免费授权', '1') ;
INSERT INTO `bosscms_theme` (`id`, `extent`, `parent`, `core`, `name`, `value`, `lang`) VALUE ('29', '4', '56', '', 'params,50', '1920px * 1080px', '1') ;
INSERT INTO `bosscms_theme` (`id`, `extent`, `parent`, `core`, `name`, `value`, `lang`) VALUE ('30', '4', '56', '', 'params,51', '5张', '1') ;
INSERT INTO `bosscms_theme` (`id`, `extent`, `parent`, `core`, `name`, `value`, `lang`) VALUE ('31', '3', '36', '', 'params,53', '免费送货，享受送货上门服务，或前往零售店提取现货。', '1') ;
INSERT INTO `bosscms_theme` (`id`, `extent`, `parent`, `core`, `name`, `value`, `lang`) VALUE ('32', '3', '36', '', 'params,54', '智能音箱是一个音箱升级的产物，与家庭消费者用语音进行上网的一个工具。', '1') ;
INSERT INTO `bosscms_theme` (`id`, `extent`, `parent`, `core`, `name`, `value`, `lang`) VALUE ('33', '3', '36', '', 'params,55', '灰色', '1') ;
INSERT INTO `bosscms_theme` (`id`, `extent`, `parent`, `core`, `name`, `value`, `lang`) VALUE ('34', '3', '36', '', 'params,56', '[\"60cm*80cm\"]', '1') ;
INSERT INTO `bosscms_theme` (`id`, `extent`, `parent`, `core`, `name`, `value`, `lang`) VALUE ('35', '3', '36', '', 'params,57', '[\"180kg\",\"1T\"]', '1') ;
INSERT INTO `bosscms_theme` (`id`, `extent`, `parent`, `core`, `name`, `value`, `lang`) VALUE ('37', '0', '0', 'nav', 'select_color', 'rgb(244,246,248)', '1') ;
INSERT INTO `bosscms_theme` (`id`, `extent`, `parent`, `core`, `name`, `value`, `lang`) VALUE ('38', '0', '0', 'product', 'text', 'PRODUCT CENTER', '1') ;
INSERT INTO `bosscms_theme` (`id`, `extent`, `parent`, `core`, `name`, `value`, `lang`) VALUE ('39', '0', '0', 'introduce', 'text', 'AOUBT COMPANY', '1') ;
INSERT INTO `bosscms_theme` (`id`, `extent`, `parent`, `core`, `name`, `value`, `lang`) VALUE ('40', '0', '0', 'news', 'text', 'NEWS IFRAMETION', '1') ;
INSERT INTO `bosscms_theme` (`id`, `extent`, `parent`, `core`, `name`, `value`, `lang`) VALUE ('41', '5', '57', '', 'params,58', 'jpg', '1') ;
INSERT INTO `bosscms_theme` (`id`, `extent`, `parent`, `core`, `name`, `value`, `lang`) VALUE ('42', '5', '57', '', 'params,59', '未加密', '1') ;
INSERT INTO `bosscms_theme` (`id`, `extent`, `parent`, `core`, `name`, `value`, `lang`) VALUE ('43', '5', '57', '', 'params,60', '图片格式', '1') ;
INSERT INTO `bosscms_theme` (`id`, `extent`, `parent`, `core`, `name`, `value`, `lang`) VALUE ('44', '5', '56', '', 'params,58', 'jpg格式', '1') ;
INSERT INTO `bosscms_theme` (`id`, `extent`, `parent`, `core`, `name`, `value`, `lang`) VALUE ('45', '5', '56', '', 'params,59', '未加密', '1') ;
INSERT INTO `bosscms_theme` (`id`, `extent`, `parent`, `core`, `name`, `value`, `lang`) VALUE ('46', '5', '56', '', 'params,60', '图片格式', '1') ;
INSERT INTO `bosscms_theme` (`id`, `extent`, `parent`, `core`, `name`, `value`, `lang`) VALUE ('47', '5', '58', '', 'params,58', 'jpg格式', '1') ;
INSERT INTO `bosscms_theme` (`id`, `extent`, `parent`, `core`, `name`, `value`, `lang`) VALUE ('48', '5', '58', '', 'params,59', '未加密', '1') ;
INSERT INTO `bosscms_theme` (`id`, `extent`, `parent`, `core`, `name`, `value`, `lang`) VALUE ('49', '5', '58', '', 'params,60', '图片格式', '1') ;
INSERT INTO `bosscms_theme` (`id`, `extent`, `parent`, `core`, `name`, `value`, `lang`) VALUE ('50', '4', '57', '', 'params,48', '网络图片', '1') ;
INSERT INTO `bosscms_theme` (`id`, `extent`, `parent`, `core`, `name`, `value`, `lang`) VALUE ('51', '4', '57', '', 'params,49', '免费授权', '1') ;
INSERT INTO `bosscms_theme` (`id`, `extent`, `parent`, `core`, `name`, `value`, `lang`) VALUE ('52', '4', '57', '', 'params,51', '1张', '1') ;
INSERT INTO `bosscms_theme` (`id`, `extent`, `parent`, `core`, `name`, `value`, `lang`) VALUE ('53', '4', '57', '', 'params,47', 'jpg格式', '1') ;
INSERT INTO `bosscms_theme` (`id`, `extent`, `parent`, `core`, `name`, `value`, `lang`) VALUE ('54', '4', '57', '', 'params,50', '1920X1080px', '1') ;
INSERT INTO `bosscms_theme` (`id`, `extent`, `parent`, `core`, `name`, `value`, `lang`) VALUE ('55', '4', '58', '', 'params,48', '网络图片', '1') ;
INSERT INTO `bosscms_theme` (`id`, `extent`, `parent`, `core`, `name`, `value`, `lang`) VALUE ('56', '4', '58', '', 'params,49', '免费授权', '1') ;
INSERT INTO `bosscms_theme` (`id`, `extent`, `parent`, `core`, `name`, `value`, `lang`) VALUE ('57', '4', '58', '', 'params,51', '1张', '1') ;
INSERT INTO `bosscms_theme` (`id`, `extent`, `parent`, `core`, `name`, `value`, `lang`) VALUE ('58', '4', '58', '', 'params,47', 'jpg格式', '1') ;
INSERT INTO `bosscms_theme` (`id`, `extent`, `parent`, `core`, `name`, `value`, `lang`) VALUE ('59', '4', '58', '', 'params,50', '1920X1080px', '1') ;
INSERT INTO `bosscms_theme` (`id`, `extent`, `parent`, `core`, `name`, `value`, `lang`) VALUE ('60', '4', '59', '', 'params,48', '网络图片', '1') ;
INSERT INTO `bosscms_theme` (`id`, `extent`, `parent`, `core`, `name`, `value`, `lang`) VALUE ('61', '4', '59', '', 'params,49', '免费授权', '1') ;
INSERT INTO `bosscms_theme` (`id`, `extent`, `parent`, `core`, `name`, `value`, `lang`) VALUE ('62', '4', '59', '', 'params,51', '1张', '1') ;
INSERT INTO `bosscms_theme` (`id`, `extent`, `parent`, `core`, `name`, `value`, `lang`) VALUE ('63', '4', '59', '', 'params,47', 'jpg格式', '1') ;
INSERT INTO `bosscms_theme` (`id`, `extent`, `parent`, `core`, `name`, `value`, `lang`) VALUE ('64', '4', '59', '', 'params,50', '1920X1080px', '1') ;
INSERT INTO `bosscms_theme` (`id`, `extent`, `parent`, `core`, `name`, `value`, `lang`) VALUE ('66', '0', '0', 'nav', 'back_color', 'rgb(250,252,254)', '1') ;
INSERT INTO `bosscms_theme` (`id`, `extent`, `parent`, `core`, `name`, `value`, `lang`) VALUE ('67', '3', '63', '', 'params,53', '免费送货，享受送货上门服务，或前往零售店提取现货。', '1') ;
INSERT INTO `bosscms_theme` (`id`, `extent`, `parent`, `core`, `name`, `value`, `lang`) VALUE ('68', '3', '63', '', 'params,54', '投影仪又称投影机，它是一种可以将图像或视频投射到幕布上的设备。', '1') ;
INSERT INTO `bosscms_theme` (`id`, `extent`, `parent`, `core`, `name`, `value`, `lang`) VALUE ('69', '3', '63', '', 'params,55', '黑色', '1') ;
INSERT INTO `bosscms_theme` (`id`, `extent`, `parent`, `core`, `name`, `value`, `lang`) VALUE ('70', '3', '63', '', 'params,56', '[\"60cm*80cm\"]', '1') ;
INSERT INTO `bosscms_theme` (`id`, `extent`, `parent`, `core`, `name`, `value`, `lang`) VALUE ('71', '3', '63', '', 'params,57', '[\"180kg\"]', '1') ;
INSERT INTO `bosscms_theme` (`id`, `extent`, `parent`, `core`, `name`, `value`, `lang`) VALUE ('73', '0', '0', 'introduce', 'image', '..//upload/photo/202112/111308188.jpg', '1') ;
INSERT INTO `bosscms_theme` (`id`, `extent`, `parent`, `core`, `name`, `value`, `lang`) VALUE ('74', '3', '65', '', 'params,53', '免费送货，享受送货上门服务，或前往零售店提取现货。', '1') ;
INSERT INTO `bosscms_theme` (`id`, `extent`, `parent`, `core`, `name`, `value`, `lang`) VALUE ('75', '3', '65', '', 'params,54', '耳机与耳塞 我们兼具非凡性能和出众舒适度的耳机与耳塞,让音乐和周围世界都与您更亲密。', '1') ;
INSERT INTO `bosscms_theme` (`id`, `extent`, `parent`, `core`, `name`, `value`, `lang`) VALUE ('76', '3', '65', '', 'params,55', '白色', '1') ;
INSERT INTO `bosscms_theme` (`id`, `extent`, `parent`, `core`, `name`, `value`, `lang`) VALUE ('77', '3', '65', '', 'params,56', '[\"60cm*80cm\"]', '1') ;
INSERT INTO `bosscms_theme` (`id`, `extent`, `parent`, `core`, `name`, `value`, `lang`) VALUE ('78', '3', '65', '', 'params,57', '[\"180kg\"]', '1') ;
INSERT INTO `bosscms_theme` (`id`, `extent`, `parent`, `core`, `name`, `value`, `lang`) VALUE ('79', '3', '62', '', 'params,53', '免费送货，享受送货上门服务，或前往零售店提取现货。', '1') ;
INSERT INTO `bosscms_theme` (`id`, `extent`, `parent`, `core`, `name`, `value`, `lang`) VALUE ('80', '3', '62', '', 'params,54', '采用高品质电路保护芯片', '1') ;
INSERT INTO `bosscms_theme` (`id`, `extent`, `parent`, `core`, `name`, `value`, `lang`) VALUE ('81', '3', '62', '', 'params,55', '银色', '1') ;
INSERT INTO `bosscms_theme` (`id`, `extent`, `parent`, `core`, `name`, `value`, `lang`) VALUE ('82', '3', '62', '', 'params,56', '[\"90cm*180cm\"]', '1') ;
INSERT INTO `bosscms_theme` (`id`, `extent`, `parent`, `core`, `name`, `value`, `lang`) VALUE ('83', '3', '62', '', 'params,57', '[\"288kg\"]', '1') ;
INSERT INTO `bosscms_theme` (`id`, `extent`, `parent`, `core`, `name`, `value`, `lang`) VALUE ('84', '3', '64', '', 'params,53', '免费送货，享受送货上门服务，或前往零售店提取现货。', '1') ;
INSERT INTO `bosscms_theme` (`id`, `extent`, `parent`, `core`, `name`, `value`, `lang`) VALUE ('85', '3', '64', '', 'params,54', 'VR眼镜即VR头显，虚拟现实头戴式显示设备。', '1') ;
INSERT INTO `bosscms_theme` (`id`, `extent`, `parent`, `core`, `name`, `value`, `lang`) VALUE ('86', '3', '64', '', 'params,55', '黑色', '1') ;
INSERT INTO `bosscms_theme` (`id`, `extent`, `parent`, `core`, `name`, `value`, `lang`) VALUE ('87', '3', '64', '', 'params,56', '[\"60cm*80cm\"]', '1') ;
INSERT INTO `bosscms_theme` (`id`, `extent`, `parent`, `core`, `name`, `value`, `lang`) VALUE ('88', '3', '64', '', 'params,57', '[\"180kg\",\"500kg\"]', '1') ;
INSERT INTO `bosscms_theme` (`id`, `extent`, `parent`, `core`, `name`, `value`, `lang`) VALUE ('89', '3', '60', '', 'params,53', '免费送货，享受送货上门服务，或前往零售店提取现货。', '1') ;
INSERT INTO `bosscms_theme` (`id`, `extent`, `parent`, `core`, `name`, `value`, `lang`) VALUE ('90', '3', '60', '', 'params,54', 'VR眼镜即VR头显，虚拟现实头戴式显示设备。', '1') ;
INSERT INTO `bosscms_theme` (`id`, `extent`, `parent`, `core`, `name`, `value`, `lang`) VALUE ('91', '3', '60', '', 'params,55', '灰色', '1') ;
INSERT INTO `bosscms_theme` (`id`, `extent`, `parent`, `core`, `name`, `value`, `lang`) VALUE ('92', '3', '60', '', 'params,56', '[\"90cm*180cm\"]', '1') ;
INSERT INTO `bosscms_theme` (`id`, `extent`, `parent`, `core`, `name`, `value`, `lang`) VALUE ('93', '3', '60', '', 'params,57', '[\"288kg\"]', '1') ;
INSERT INTO `bosscms_theme` (`id`, `extent`, `parent`, `core`, `name`, `value`, `lang`) VALUE ('94', '3', '66', '', 'params,53', '终端教育', '1') ;
INSERT INTO `bosscms_theme` (`id`, `extent`, `parent`, `core`, `name`, `value`, `lang`) VALUE ('95', '3', '66', '', 'params,54', '终端管理教育是对终端管理人员进行系统的教育和培训工作，通过教育使每一位终端管理人员具备一定的管理技能，实现企业终端管理的战略，实现企业对终端事业的掌控和管理，终端管理教育对于市场经济发展来说是一个积极的推进，是对市场经济的补充，也是对市场经济的主要贡献之一。', '1') ;
INSERT INTO `bosscms_theme` (`id`, `extent`, `parent`, `core`, `name`, `value`, `lang`) VALUE ('96', '3', '66', '', 'params,55', '白色', '1') ;
INSERT INTO `bosscms_theme` (`id`, `extent`, `parent`, `core`, `name`, `value`, `lang`) VALUE ('97', '3', '66', '', 'params,56', '[\"120cm*600cm\"]', '1') ;
INSERT INTO `bosscms_theme` (`id`, `extent`, `parent`, `core`, `name`, `value`, `lang`) VALUE ('98', '3', '66', '', 'params,57', '[\"1T\"]', '1') ;
INSERT INTO `bosscms_theme` (`id`, `extent`, `parent`, `core`, `name`, `value`, `lang`) VALUE ('99', '3', '61', '', 'params,53', '终端教育', '1') ;
INSERT INTO `bosscms_theme` (`id`, `extent`, `parent`, `core`, `name`, `value`, `lang`) VALUE ('100', '3', '61', '', 'params,54', '终端管理教育是对终端管理人员进行系统的教育和培训工作，通过教育使每一位终端管理人员具备一定的管理技能，实现企业终端管理的战略，实现企业对终端事业的掌控和管理，终端管理教育对于市场经济发展来说是一个积极的推进，是对市场经济的补充，也是对市场经济的主要贡献之一。', '1') ;
INSERT INTO `bosscms_theme` (`id`, `extent`, `parent`, `core`, `name`, `value`, `lang`) VALUE ('101', '3', '61', '', 'params,55', '白色', '1') ;
INSERT INTO `bosscms_theme` (`id`, `extent`, `parent`, `core`, `name`, `value`, `lang`) VALUE ('102', '3', '61', '', 'params,56', '[\"120cm*600cm\"]', '1') ;
INSERT INTO `bosscms_theme` (`id`, `extent`, `parent`, `core`, `name`, `value`, `lang`) VALUE ('103', '3', '61', '', 'params,57', '[\"500kg\"]', '1') ;